DrugBankID	GeneName
P00734	F2
P00533	EGFR
O75015	FCGR3B
P00736	C1R
P02745	C1QA
P02746	C1QB
P02747	C1QC
P08637	FCGR3A
P09871	C1S
P12314	FCGR1A
P12318	FCGR2A
P31994	FCGR2B
P31995	FCGR2C
P01589	IL2RA
P14784	IL2RB
P31785	IL2RG
P01375	TNF
P20333	TNFRSF1B
P01374	LTA
P30968	GNRHR
P48551	IFNAR2
P17181	IFNAR1
P00747	PLG
P02671	FGA
Q03405	PLAUR
P05121	SERPINE1
Q02643	GHRHR
P19235	EPOR
P00749	PLAU
P00750	PLAT
P05120	SERPINB2
P05154	SERPINA5
P98164	LRP2
Q9Y5Y6	ST14
P14543	NID1
P22888	LHCGR
P30988	CALCR
Q99062	CSF3R
P08246	ELANE
P15509	CSF2RA
P26951	IL3RA
P32927	CSF2RB
P34741	SDC2
P13727	PRG2
P47872	SCTR
P16473	TSHR
P00742	F10
P00740	F9
P04275	VWF
O14832	PHYH
P07307	ASGR2
P11021	HSPA5
P27797	CALR
P27824	CANX
P49257	LMAN1
Q07954	LRP1
Q8NI22	MCFD2
P14778	IL1R1
Q92637	FCGR1B
P01024	C3
P0C0L4	C4A
P0C0L5	C4B
P0C0L5	C4B_2
P01031	C5
P06213	INSR
P08069	IGF1R
P06400	RB1
P07339	CTSD
P14735	IDE
P16519	PCSK2
P16870	CPE
P29120	PCSK1
P48745	NOV
Q16270	IGFBP7
Q96C24	SYTL4
P05452	CLEC3B
P05787	KRT8
P07355	ANXA2
P23945	FSHR
P15260	IFNGR1
P38484	IFNGR2
P30518	AVPR2
P37288	AVPR1A
P47901	AVPR1B
P05981	HPN
P10646	TFPI
P38435	GGCX
P08709	F7
P13726	F3
Q14626	IL11RA
P21802	FGFR2
O14786	NRP1
P11362	FGFR1
P22455	FGFR4
P22607	FGFR3
P98160	HSPG2
P47871	GCGR
O95838	GLP2R
P43220	GLP1R
P63027	VAMP2
P23763	VAMP1
Q8N9I0	SYT2
P12319	FCER1A
Q01362	MS4A2
O60603	TLR2
P02452	COL1A1
P02458	COL2A1
P02461	COL3A1
P08123	COL1A2
P10912	GHR
P16471	PRLR
P05106	ITGB3
P08514	ITGA2B
P04004	VTN
P00451	F8
P12259	F5
P07204	THBD
P07225	PROS1
P00450	CP
P02776	PF4
P35237	SERPINB6
Q9UNN8	PROCR
P20138	CD33
P62993	GRB2
P01137	TGFB1
P01906	HLA-DQA2
P01920	HLA-DQB1
P04626	ERBB2
P11836	MS4A1
P04234	CD3D
P07766	CD3E
P09693	CD3G
P20963	CD247
P60880	SNAP25
P62745	RHOB
P25116	F2R
P31358	CD52
Q04609	FOLH1
P49069	CAMLG
Q96LZ3	PPP3R2
P62937	PPIA
P30405	PPIF
P06729	CD2
P20701	ITGAL
P06126	CD1A
Q95460	MR1
P42081	CD86
P01730	CD4
P05556	ITGB1
P06756	ITGAV
P03951	F11
P09619	PDGFRB
P16234	PDGFRA
P01023	A2M
P30872	SSTR1
P35346	SSTR5
P30874	SSTR2
P30559	OXTR
P01178	OXT
P13612	ITGA4
P05362	ICAM1
Q53I07	gp41
P13843	F
P15692	VEGFA
P13688	CEACAM1
Q9BYV1	AGXT2
Q99259	GAD1
P35520	CBS
Q16719	KYNU
P34896	SHMT1
Q9Y697	NFS1
P17174	GOT1
P04181	OAT
P11926	ODC1
Q8N5Z0	AADAT
P80404	ABAT
Q9NVS9	PNPO
O95470	SGPL1
P17735	TAT
Q16773	KYAT1
Q8IYQ7	THNSL1
P06737	PYGL
O15270	SPTLC2
Q9Y600	CSAD
P19113	HDC
Q96A70	AZIN2
P20132	SDS
O75600	GCAT
P23378	GLDC
P24298	GPT
Q9Y617	PSAT1
P13196	ALAS1
P21549	AGXT
Q96GD0	PDXP
O15269	SPTLC1
P32929	CTH
P54687	BCAT1
O15382	BCAT2
O94903	PLPBP
O95954	FTCD
P00505	GOT2
P11216	PYGB
P11217	PYGM
P20711	DDC
Q2TU84	GIG18
Q5JAM2	ALAS1
Q5VZ30	GAD2
Q6IBS8	DDC
Q6P996	PDXDC1
Q6YP21	KYAT3
Q6ZQY3	GADL1
Q96I15	SCLY
Q6WRI0	IGSF10
Q8IUZ5	PHYKPL
Q8IVA8	GAD1
P34897	SHMT2
P22557	ALAS2
Q8TD30	GPT2
Q96EN8	MOCOS
Q96GA7	SDSL
Q96JQ3	pcap
Q9GZT4	SRR
Q9HD40	SEPSECS
Q9NUV7	SPTLC3
Q9UGI5	GAD65
Q9UJX1	TLH6
Q99707	MTR
P22033	MUT
Q9UBK8	MTRR
Q8IVH4	MMAA
Q9Y4U1	MMACHC
P42898	MTHFR
P11586	MTHFD1
P13995	MTHFD2
P48728	AMT
O75891	ALDH1L1
P31939	ATIC
Q96DP5	MTFMT
P12081	HARS
Q99624	SLC38A3
P42357	HAL
Q14749	GNMT
P17707	AMD1
P31153	MAT2A
Q00266	MAT1A
P21964	COMT
Q8N1G2	CMTR1
Q9HBK9	AS3MT
O15427	SLC16A3
P36021	SLC16A2
O15375	SLC16A5
P30613	PKLR
O15403	SLC16A6
O60669	SLC16A7
P11177	PDHB
P14618	PKM
O15374	SLC16A4
O95907	SLC16A8
P53985	SLC16A1
P11498	PC
Q9UHI5	SLC7A8
Q9Y285	FARSA
P00439	PAH
O95363	FARS2
Q9NSD9	FARSB
P07101	TH
P05166	PCCB
P50747	HLCS
Q9Y289	SLC5A6
Q9HCC0	MCCC2
O00763	ACACB
Q96RQ3	MCCC1
P05165	PCCA
Q13085	ACACA
Q9Y5K3	PCYT1B
P22303	ACHE
P49585	PCYT1A
O14939	PLD2
P06276	BCHE
Q13393	PLD1
Q8TCT1	PHOSPHO1
P36544	CHRNA7
P30825	SLC7A1
O43246	SLC7A4
Q8WY07	SLC7A3
P52569	SLC7A2
Q15046	KARS
P29474	NOS3
P04424	ASL
P35228	NOS2
P78540	ARG2
P00966	ASS1
P09848	LCT
Q54873	SP_0314
P24300	xylA
O00469	PLOD2
O60568	PLOD3
O75936	BBOX1
P09172	DBH
P19021	PAM
P13674	P4HA1
Q32P28	P3H1
Q6N063	OGFOD2
Q6NS38	ALKBH2
Q8IVL5	P3H2
Q8IVL6	P3H3
Q8N543	OGFOD1
Q96KS0	EGLN2
Q96Q83	ALKBH3
Q9BY66	KDM5D
Q9GZT9	EGLN1
Q9UHI7	SLC23A1
Q02809	PLOD1
Q9H6Z9	EGLN3
Q9NVH6	TMLHE
Q9NXG6	P4HTM
P52788	SMS
Q9NWM0	SMOX
P41180	CASR
P08588	ADRB1
P07550	ADRB2
P07998	RNASE1
P61626	LYZ
Q9UJS0	SLC25A13
P45381	ASPA
P08243	ASNS
Q03154	ACY1
P14868	DARS
O75746	SLC25A12
Q12797	ASPH
P22234	PAICS
P27708	CAD
P30520	ADSS
P43005	SLC1A1
Q5T6L4	ASS
Q6PI48	DARS2
Q7L266	ASRGL1
Q8N142	ADSSL1
Q96HD9	ACY3
P00480	OTC
P05089	ARG1
P54368	OAZ1
Q9BXI2	SLC25A2
Q9Y619	SLC25A15
O95190	OAZ2
P50440	GATM
Q9UMX2	OAZ3
P17812	CTPS1
Q06203	PPAT
P15104	GLUL
P16220	CREB1
P11309	PIM1
Q07343	PDE4B
Q9Y478	PRKAB1
P49773	HINT1
Q08499	PDE4D
Q9NUB1	ACSS1
Q9NR19	ACSS2
Q13131	PRKAA1
O43741	PRKAB2
Q08828	ADCY1
P33121	ACSL1
P09467	FBP1
P55263	ADK
O60427	FADS1
O95864	FADS2
P32418	SLC8A1
Q8NER1	TRPV1
Q9GZR5	ELOVL4
Q07869	PPARA
Q96RI1	NR1H4
Q03181	PPARD
P37231	PPARG
P19793	RXRA
P49591	SARS
P50579	METAP2
Q93088	BHMT
Q9H2M3	BHMT2
Q9Y2Z4	YARS2
P54577	YARS
P11473	VDR
P31260	HOXA10
P02774	GC
Q9UPY5	SLC7A11
O60931	CTNS
P82251	SLC7A9
Q07837	SLC3A1
Q99643	SDHC
Q9BXA5	SUCNR1
Q9BYC2	OXCT2
Q9P2R7	SUCLA2
Q9UBX3	SLC25A10
P31040	SDHA
O14756	HSD17B6
Q8WWT9	SLC13A3
Q13183	SLC13A2
Q9BZW2	SLC13A1
Q96I99	SUCLG2
O14521	SDHD
O15460	P4HA2
P21912	SDHB
P51649	ALDH5A1
P53597	SUCLG1
P55809	OXCT1
Q969G6	RFK
P0AFU8	ribC
P30043	BLVRB
O60512	B4GALT3
O60513	B4GALT4
O60909	B4GALT2
Q9UJ70	NAGK
Q9UK23	NAGPA
P54802	NAGLU
P51606	RENBP
P15291	B4GALT1
Q13255	GRM1
Q14833	GRM4
Q16099	GRIK4
Q16478	GRIK5
Q14831	GRM7
O00222	GRM8
O00341	SLC1A7
O14841	OPLAH
O15067	PFAS
O15399	GRIN2D
O43424	GRID2
O60391	GRIN3B
O75879	GATB
O94925	GLS
P07814	EPRS
P43003	SLC1A3
P43004	SLC1A2
P48506	GCLC
P48664	SLC1A6
P49448	GLUD2
P49915	GMPS
Q05586	GRIN1
Q05932	FPGS
Q07075	ENPEP
Q12879	GRIN2A
Q13224	GRIN2B
Q14957	GRIN2C
Q5JPH6	EARS2
Q5TDP6	LGSN
Q6IA69	NADSYN1
Q8N159	NAGS
Q8TCU5	GRIN3A
Q9H1K4	SLC25A18
Q9H936	SLC25A22
Q9UDR5	AASS
Q9UI32	GLS2
Q9ULA0	DNPEP
Q9ULK0	GRID1
Q9Y646	CPQ
P00367	GLUD1
P39086	GRIK1
P42261	GRIA1
P48507	GCLM
Q05329	GAD2
P42262	GRIA2
P42263	GRIA3
P48058	GRIA4
P54886	ALDH18A1
Q13002	GRIK2
Q13003	GRIK3
O14880	MGST3
O60760	HPGDS
O95881	TXNDC12
P08263	GSTA1
P09210	GSTA2
P10620	MGST1
P10768	ESD
P19440	GGT1
P28161	GSTM2
P35754	GLRX
P36969	GPX4
P46439	GSTM5
P59796	GPX6
Q16775	HAGH
Q6NSD4	GPX1
Q8TED1	GPX8
Q96SL4	GPX7
Q99735	MGST2
Q9H4Y5	GSTO2
Q9NS18	GLRX2
Q04760	GLO1
Q16873	LTC4S
P00390	GSR
P48637	GSS
P09488	GSTM1
Q9Y2Q3	GSTK1
Q16772	GSTA3
P21266	GSTM3
O15217	GSTA4
Q03013	GSTM4
Q7RTV2	GSTA5
P09211	GSTP1
P78417	GSTO1
P07203	GPX1
P18283	GPX2
P30711	GSTT1
O43708	GSTZ1
O75715	GPX5
P22352	GPX3
P15121	AKR1B1
P14780	MMP9
P08684	CYP3A4
P49619	DGKG
Q16760	DGKD
Q9BVG9	PTDSS2
Q9NXE4	SMPD4
Q9NY59	SMPD3
Q9Y2Q0	ATP8A1
P17252	PRKCA
P48651	PTDSS1
Q9UG56	PISD
Q8WTV0	SCARB1
P23434	GCSH
P41250	GARS
Q14032	BAAT
Q14330	GPR18
Q6IB77	GLYAT
Q7Z2H8	SLC36A1
Q8WU03	GLYATL2
Q969I3	GLYATL1
Q9H598	SLC32A1
Q9P0Z9	PIPOX
Q9Y345	SLC6A5
P48067	SLC6A9
P23415	GLRA1
P48167	GLRB
O75311	GLRA3
P23416	GLRA2
O00764	PDXK
P06732	CKM
P12532	CKMT1A
P12532	CKMT1B
P12277	CKB
P17540	CKMT2
P48029	SLC6A8
Q14353	GAMT
Q15031	LARS2
O60294	LCMT2
Q9UIC8	LCMT1
Q9P2J5	LARS
Q9UGM6	WARS2
P00953	trpS
P23381	WARS
P49589	CARS
P16455	MGMT
Q9BZV2	SLC19A3
Q9HA77	CARS2
Q16878	CDO1
Q9H3S4	TPK1
O60779	SLC19A2
P23219	PTGS1
P35354	PTGS2
O95865	DDAH2
O94760	DDAH1
P29475	NOS1
Q6TGC4	PADI6
Q9ULC6	PADI1
Q9ULW8	PADI3
Q9Y2J8	PADI2
Q9UM07	PADI4
P26639	TARS
Q9BW92	TARS2
O60701	UGDH
P07327	ADH1A
Q00796	SORD
P08319	ADH4
P00326	ADH1C
P00325	ADH1B
P40394	ADH7
P21695	GPD1
Q6ZMR3	LDHAL6A
P11766	ADH5
Q99714	HSD17B10
P40926	MDH2
P00338	LDHA
P23368	ME2
P51659	HSD17B4
Q9BYZ2	LDHAL6B
P07864	LDHC
P07195	LDHB
Q08426	EHHADH
Q16836	HADH
Q16798	ME3
Q02338	BDH1
P40925	MDH1
P31937	HIBADH
P37058	HSD17B3
P04035	HMGCR
P48163	ME1
O43175	PHGDH
P56937	HSD17B7
P51553	IDH3G
O43837	IDH3B
P50213	IDH3A
P14061	HSD17B1
P37059	HSD17B2
Q92781	RDH5
O95479	H6PD
Q92506	HSD17B8
P17516	AKR1C4
P12268	IMPDH2
P42330	AKR1C3
P15428	HPGD
Q13630	TSTA3
Q04828	AKR1C1
P28845	HSD11B1
P26439	HSD3B2
P14060	HSD3B1
P20839	IMPDH1
P40939	HADHA
P05091	ALDH2
P80365	HSD11B2
P52895	AKR1C2
Q15738	NSDHL
P48448	ALDH3B2
Q02252	ALDH6A1
P30838	ALDH3A1
P00352	ALDH1A1
O14556	GAPDHS
P49189	ALDH9A1
P47895	ALDH1A3
P30837	ALDH1B1
P43353	ALDH3B1
P04406	GAPDH
O94788	ALDH1A2
P51648	ALDH3A2
P49419	ALDH7A1
Q96C36	PYCR2
P32322	PYCR1
P29803	PDHA2
P08559	PDHA1
P53004	BLVRA
P16219	ACADS
P00374	DHFR
Q02218	OGDH
Q9UBM7	DHCR7
P16083	NQO2
P03891	MT-ND2
P03897	MT-ND3
O75251	NDUFS7
P30038	ALDH4A1
P00387	CYB5R3
Q86Y39	NDUFA11
P03905	MT-ND4
P09417	QDPR
P03886	MT-ND1
Q13423	NNT
Q16718	NDUFA5
Q16795	NDUFA9
P03901	MT-ND4L
O95299	NDUFA10
O95182	NDUFA7
O15239	NDUFA1
P03923	MT-ND6
P03915	MT-ND5
O00483	NDUFA4
P56556	NDUFA6
O14561	NDUFAB1
O43678	NDUFA2
P51970	NDUFA8
O95167	NDUFA3
O95169	NDUFB8
O95298	NDUFC2
O75438	NDUFB1
P28331	NDUFS1
O96000	NDUFB10
O95168	NDUFB4
O43676	NDUFB3
O95178	NDUFB2
P17568	NDUFB7
Q9Y6M9	NDUFB9
O75306	NDUFS2
O43674	NDUFB5
O43677	NDUFC1
O95139	NDUFB6
P56181	NDUFV3
P09622	DLD
O75489	NDUFS3
Q9UI09	NDUFA12
O43920	NDUFS5
O43181	NDUFS4
P49821	NDUFV1
P19404	NDUFV2
Q9P0J0	NDUFA13
O75380	NDUFS6
Q9NRX3	NDUFA4L2
O00217	NDUFS8
Q02928	CYP4A11
P10515	DLAT
Q15800	MSMO1
P09601	HMOX1
P30519	HMOX2
P05093	CYP17A1
P14679	TYR
P14207	FOLR2
P41439	FOLR3
P15328	FOLR1
O60488	ACSL4
O95573	ACSL3
O14842	FFAR1
Q5JTZ9	AARS2
P49588	AARS
P43007	SLC1A4
P26640	VARS
Q96NR8	RDH12
O75911	DHRS3
Q6NUM9	RETSAT
Q8TC12	RDH11
Q9BTZ2	DHRS4
Q9HBH5	RDH14
Q9NYR8	RDH8
O95237	LRAT
P09455	RBP1
Q8NBN7	RDH13
P10745	RBP3
P12271	RLBP1
P05090	APOD
O75469	NR1I2
P05771	PRKCB
P09917	ALOX5
P23743	DGKA
P62714	PPP2CB
P67775	PPP2CA
Q9UDX3	SEC14L4
Q9UDX4	SEC14L3
O76054	SEC14L2
Q9Y234	LIPT1
O43766	LIAS
Q9NSE4	IARS2
P45954	ACADSB
P41252	IARS
Q8TE23	TAS1R2
Q7RTX0	TAS1R3
Q9BQB6	VKORC1
Q8N0U8	VKORC1L1
P04070	PROC
P22891	PROZ
P15559	NQO1
P02818	BGLAP
P42684	ABL2
P08183	ABCB1
P45844	ABCG1
Q92887	ABCC2
O95477	ABCA1
Q9UM73	ALK
Q13564	NAE1
P10398	ARAF
P37023	ACVRL1
P49902	NT5C2
O43681	ASNA1
O60706	ABCC9
P31749	AKT1
P25098	GRK2
O14727	APAF1
P36896	ACVR1B
Q04771	ACVR1
O95342	ABCB11
Q96Q40	CDK15
P12235	SLC25A4
Q09428	ABCC8
Q9Y4W6	AFG3L2
P35626	GRK3
Q16671	AMHR2
Q07912	TNK2
P00519	ABL1
O95255	ABCC6
O15439	ABCC4
P33527	ABCC1
P13569	CFTR
P42336	PIK3CA
P68400	CSNK2A1
P67870	CSNK2B
Q96G91	P2RY11
P53041	PPP5C
O43272	PRODH
O43447	PPIH
P23284	PPIB
P45877	PPIC
Q13427	PPIG
Q4W8W1	P5CR2
Q7L3T8	PARS2
Q53H96	PYCR3
Q96EM0	L3HYPDH
Q9UN76	SLC6A14
Q99884	SLC6A7
P07741	APRT
P0AF12	mtnN
P24666	ACP1
Q9BY49	PECR
P17802	mutY
Q8RLY5	ptd
P78362	SRPK2
Q5SL87	ruvB
Q13126	MTAP
Q05603	cobT
Q15758	SLC1A5
Q96I59	NARS2
O43776	NARS
P31645	SLC6A4
Q12809	KCNH2
P30556	AGTR1
P12821	ACE
P46663	BDKRB1
P04278	SHBG
P04150	NR3C1
Q9UBS5	GABBR1
O75899	GABBR2
Q05940	SLC18A2
Q01959	SLC6A3
Q16568	CARTPT
Q96RJ0	TAAR1
P23975	SLC6A2
P35348	ADRA1A
P35368	ADRA1B
P25100	ADRA1D
P08913	ADRA2A
P18089	ADRA2B
P18825	ADRA2C
P13945	ADRB3
P14416	DRD2
P27338	MAOB
P21397	MAOA
Q99870	VMAT2
P32239	CCKBR
P43681	CHRNA4
P17787	CHRNB2
Q15822	CHRNA2
P32297	CHRNA3
P30532	CHRNA5
Q15825	CHRNA6
Q9UGM1	CHRNA9
Q9GZZ6	CHRNA10
Q05901	CHRNB3
P30926	CHRNB4
P11511	CYP19A1
P28329	CHAT
P20309	CHRM3
P11229	CHRM1
P14867	GABRA1
P47869	GABRA2
P34903	GABRA3
P48169	GABRA4
P31644	GABRA5
Q16445	GABRA6
P18505	GABRB1
P47870	GABRB2
P28472	GABRB3
O14764	GABRD
P78334	GABRE
Q8N1C3	GABRG1
P18507	GABRG2
Q99928	GABRG3
O00591	GABRP
Q9UN88	GABRQ
P30536	TSPO
P28074	PSMB5
P20618	PSMB1
Q14524	SCN5A
P35372	OPRM1
P28335	HTR2C
P41145	OPRK1
P41143	OPRD1
Q693P7	CHRNA7
P03198	BALF5
P09250	TK
Q9QNF7	TK
P10613	ERG11
Q99808	SLC29A1
P62508	ESRRG
P11474	ESRRA
P11485	NA
P23141	CES1
Q99519	NEU1
Q9Y3R4	NEU2
O43193	MLNR
P02768	ALB
P20061	TCN1
Q9BXJ7	AMN
O60494	CUBN
Q96EY8	MMAB
P30542	ADORA1
P29274	ADORA2A
P21817	RYR1
P54750	PDE1A
Q01064	PDE1B
Q14123	PDE1C
Q9Y233	PDE10A
P27815	PDE4A
Q08493	PDE4C
Q9NP56	PDE7B
O00408	PDE2A
Q14432	PDE3A
Q13370	PDE3B
O76074	PDE5A
P51160	PDE6C
Q9HCR9	PDE11A
Q13946	PDE7A
O60658	PDE8A
O95263	PDE8B
O76083	PDE9A
P16499	PDE6A
P35913	PDE6B
P78527	PRKDC
O00329	PIK3CD
P42338	PIK3CB
Q14643	ITPR1
Q14571	ITPR2
Q14573	ITPR3
Q13315	ATM
P08172	CHRM2
P18545	PDE6G
Q13956	PDE6H
O95069	KCNK2
Q14500	KCNJ12
P07686	HEXB
P54219	SLC18A1
O15392	BIRC5
P60725	rplD
P61177	rplV
Q9H244	P2RY12
P13631	RARG
P10826	RARB
P48443	RXRG
P28702	RXRB
P10276	RARA
P00797	REN
P20648	ATP4A
Q13621	SLC12A1
P35367	HRH1
P28221	HTR1D
P28222	HTR1B
P30939	HTR1F
P08908	HTR1A
P28566	HTR1E
P41595	HTR2B
P34969	HTR7
P48048	KCNJ1
P43702	parC
P43700	gyrA
P11388	TOP2A
O90777	HIV-1
Q14654	KCNJ11
Q72874	pol
Q92769	HDAC2
O15554	KCNN4
Q09470	KCNA1
P98194	ATP2C1
P30049	ATP5F1D
Q8XJ01	pbpA
O00555	CACNA1A
P24046	GABRR1
P28476	GABRR2
A8MPY1	GABRR3
P00915	CA1
P00918	CA2
P22748	CA4
O15111	CHUK
Q9NZK7	PLA2G2E
P9WNC7	folK
Q72547	pol
Q04782	ERG7
P23921	RRM1
P31350	RRM2
Q7LG56	RRM2B
P09884	POLA1
Q07864	POLE
P56282	POLE2
Q9NRF9	POLE3
Q9NR33	POLE4
P00491	PNP
Q15858	SCN9A
O14920	IKBKB
P05164	MPO
P9WJI5	nat
P28223	HTR2A
P21728	DRD1
P21918	DRD5
P35462	DRD3
P21917	DRD4
P46098	HTR3A
P50406	HTR6
P08173	CHRM4
P08912	CHRM5
P0C0X2	folP2
P0C0X1	folP1
P35498	SCN1A
Q07699	SCN1B
Q9NY46	SCN3A
P0A7X3	rpsI
P0A7V8	rpsD
P61769	B2M
P03372	ESR1
Q92731	ESR2
O95718	ESRRB
Q15596	NCOA2
P10275	AR
Q14994	NR1I3
P0AC13	folP
P0A6J8	ddlA
Q9L888	alr
Q08257	CRYZ
P0AD68	ftsI
Q13936	CACNA1C
P54289	CACNA2D1
Q08289	CACNB2
O95180	CACNA1H
Q9NY47	CACNA2D2
Q01668	CACNA1D
Q13698	CACNA1S
P25021	HRH2
P07451	CA3
C1KC03	mecA
P02918	mrcA
P02919	mrcB
P0AEB2	dacA
P08506	dacC
P02763	ORM1
P29275	ADORA2B
Q99829	CPNE1
Q8TCT9	HM13
Q15155	NOMO1
P09874	PARP1
Q7Z5B4	RIC3
Q9Y4R7	TTLL3
P10827	THRA
P10828	THRB
P12004	PCNA
Q9NZV8	KCND2
Q9UK17	KCND3
P19652	ORM2
Q9Y5Y9	SCN10A
P35499	SCN4A
P14324	FDPS
O43451	MGAM
P04746	AMY2A
P10253	GAA
P14410	SI
P43088	PTGFR
P04083	ANXA1
P18858	LIG1
P49916	LIG3
P04818	TYMS
P06401	PGR
Q9Y6Y9	LY96
P34995	PTGER1
P04293	UL30
P06478	TK
P44469	mrdA
P0AD65	mrdA
P45059	ftsI
P24228	dacB
Q02641	CACNB1
Q06432	CACNG1
O00180	KCNK1
Q9Y257	KCNK6
Q9H252	KCNH6
Q9NS40	KCNH7
Q9H4B7	TUBB1
P43166	CA7
Q9UKV0	HDAC9
Q9UI33	SCN11A
Q99250	SCN2A
Q01118	SCN7A
Q9UQD0	SCN8A
O60939	SCN2B
Q9NY72	SCN3B
Q8IWT1	SCN4B
O00519	FAAH
Q75Y35	pbp3
P0A3M6	penA
Q8DNB6	pbp2a
Q7CRA4	pbp1b
P04629	NTRK1
Q16620	NTRK2
O43526	KCNQ2
Q9H3N8	HRH4
Q99720	SIGMAR1
O43525	KCNQ3
P16066	NPR1
P14555	PLA2G2A
Q8N8N7	PTGR2
Q9Y5Y4	PTGDR2
P9WNL5	embC
P9WNL7	embB
P9WNL9	embA
P47898	HTR5A
P07003	poxB
P06715	gor
P61889	mdh
P77390	citC
P42345	MTOR
P62942	FKBP1A
P35869	AHR
O43497	CACNA1G
P32754	HPD
P42971	pbpC
P05193	ampC
Q12791	KCNMA1
P05108	CYP11A1
P69905	HBA1
P69905	HBA2
P17752	TPH1
P07437	TUBB
A2QLK4	fksA
Q9NYX4	CALY
P09038	FGF2
P01133	EGF
P02675	FGB
P02679	FGG
P18405	SRD5A1
P08546	UL54
Q9Y5N1	HRH3
P00720	E
P43119	PTGIR
Q02880	TOP2B
Q00975	CACNA1B
Q8IZS8	CACNA2D3
Q6TME4	CACNB1
P17405	SMPD1
P51170	SCNN1G
P37088	SCNN1A
P51168	SCNN1B
P51172	SCNN1D
P07202	TPO
P05023	ATP1A1
O60840	CACNA1F
P54284	CACNB3
O00305	CACNB4
P08235	NR3C2
P15056	BRAF
P04049	RAF1
P35916	FLT4
P35968	KDR
P36888	FLT3
P10721	KIT
P07949	RET
P17948	FLT1
O95749	GGPS1
P10875	TUB2
P87066	TUB1
Q99456	KRT12
P32238	CCKAR
P01008	SERPINC1
P05546	SERPIND1
P41972	ileS
Q8DR59	pbpA
P46059	SLC15A1
Q16348	SLC15A2
Q02763	TEK
Q53707	mecA
Q16739	UGCG
P19099	CYP11B2
P31213	SRD5A2
Q9H8P0	SRD5A3
Q9P0X4	CACNA1I
P09252	ORF28
P11168	SLC2A2
Q89ZI2	BT_4395
O60502	OGA
Q07806	mrcA
Q9X6W0	ponB
P33402	GUCY1A2
P04731	MT1A
P14902	IDO1
P55017	SLC12A3
P47989	XDH
Q9X6V3	pbpA
P72161	pbpG
P30085	CMPK1
O14646	CHD1
P0ADY7	rplP
P24093	draA
P08174	CD55
P10636	MAPT
P0A7S3	rpsL
P61073	CXCR4
P00811	ampC
O95259	KCNH1
P14770	GP9
P21554	CNR1
P34972	CNR2
Q9Y271	CYSLTR1
P61024	CKS1B
P0DP23	CALM1
P21430	M
Q96SW2	CRBN
O14788	TNFSF11
P33151	CDH5
P50453	SERPINB9
P04155	TFF1
O15530	PDPK1
Q2M3G0	ABCB5
Q9UNQ0	ABCG2
A0A0E1R3H3	pbpC
Q06AK7	topA
Q14697	GANAB
Q8TET4	GANC
Q4U2R8	SLC22A6
Q8TCC7	SLC22A8
Q9NSA0	SLC22A11
Q9Y694	SLC22A7
O14746	TERT
Q99705	MCHR1
P94692	por
P08519	LPA
Q5T1J1	SIGMAR1
O00264	PGRMC1
P04839	CYBB
P13498	CYBA
P14598	NCF1
P19878	NCF2
Q15080	NCF4
P63000	RAC1
P15153	RAC2
P29372	MPG
P02787	TF
O00244	ATOX1
Q71U36	TUBA1A
P68371	TUBB4B
P83223	SO_0970
P17936	IGFBP3
Q15238	PSG5
Q6V0L0	CYP26C1
Q92206	ERG1
P15502	ELN
P08149	penA
Q60FT7	pbp3
P0A6E4	argG
P78352	DLG4
P53608	rocF
P0AES4	gyrA
P0C1U9	parC
Q59192	parE
P05653	gyrA
C3T8E2	mdtK
P20831	gyrA
P08909	Htr2c
P68366	TUBA4A
P66010	trxB
P51857	AKR1D1
P00582	polA
P18314	ureC
P39900	MMP12
P00813	ADA
Q15878	CACNA1E
P06818	NA
P27907	NA
P25101	EDNRA
P24530	EDNRB
P0A7S9	rpsM
P0AG59	rpsN
P0A7U3	rpsS
O14649	KCNK3
Q9NPC2	KCNK9
Q16790	CA9
O43570	CA12
Q9UJT1	TUBD1
P23258	TUBG1
Q9UJT0	TUBE1
P05412	JUN
P06864	ebgA
Q9H015	SLC22A4
O76082	SLC22A5
P43155	CRAT
Q8N8R3	SLC25A29
O43772	SLC25A20
Q9UKG9	CROT
P23786	CPT2
P50416	CPT1A
P78348	ASIC1
P47712	PLA2G4A
P19801	AOC1
Q16515	ASIC2
P19634	SLC9A1
Q13639	HTR4
P27361	MAPK3
O60218	AKR1B10
P54710	FXYD2
Q6FHJ7	SFRP4
Q9NR96	TLR9
Q8MU52	GST
P9WGR1	inhA
P9WIE5	katG
P50135	HNMT
P0A7Z4	rpoA
P0A8V2	rpoB
P0A8T7	rpoC
P07900	HSP90AA1
P14625	HSP90B1
P08473	MME
A9UF02	BCR/ABL
O43519	RET
P07333	CSF1R
Q08345	DDR1
P49019	HCAR3
Q8TDS4	HCAR2
Q15274	QPRT
P40261	NNMT
P29074	PTPN4
Q13332	PTPRS
P23469	PTPRE
P38606	ATP6V1A
P03200	BLLF1
P68344	BLLF1
P0C002	sulI
P53848	FOL1
Q9F0I5	cft
P0DMS8	ADORA3
P05107	ITGB2
P22102	GART
Q96P88	GNRHR2
P15538	CYP11B1
P10109	FDX1
P41594	GRM5
P00441	SOD1
P25103	TACR1
P02708	CHRNA1
P11230	CHRNB1
Q07001	CHRND
P07510	CHRNG
Q04844	CHRNE
Q15125	EBP
Q05655	PRKCD
Q02156	PRKCE
P05129	PRKCG
P41743	PRKCI
Q04759	PRKCQ
Q05513	PRKCZ
P05230	FGF1
P08620	FGF4
Q9BYF1	ACE2
P06310	IGKV2-30
Q9Y2I1	NISCH
P52647	ydbK
P17117	nfsA
P0A7R5	rpsJ
P01130	LDLR
Q05486	P
D6R448	mecA
Q9NS75	CYSLTR2
P21462	FPR1
Q13258	PTGDR
P24024	P
P05141	SLC25A5
P12236	SLC25A6
Q16558	KCNMB1
Q9Y691	KCNMB2
Q9NPA1	KCNMB3
Q86W47	KCNMB4
Q92952	KCNN1
Q9H2S1	KCNN2
Q9UGI6	KCNN3
Q9NYK1	TLR7
Q9NR97	TLR8
P00363	frdA
Q14534	SQLE
O14717	TRDMT1
P05067	APP
Q8NFJ5	GPRC5A
P51843	NR0B1
P49788	RARRES1
P31025	LCN1
Q9NY56	OBP2A
P02753	RBP4
Q16654	PDK4
O43174	CYP26A1
Q9NR63	CYP26B1
P06149	dld
P02359	rpsG
P0A7V3	rpsC
P0A7W7	rpsH
P04156	PRNP
C9EH48	mdfA
P55011	SLC12A2
Q9H2X9	SLC12A5
Q9UHW9	SLC12A6
Q9Y666	SLC12A7
Q9UP95	SLC12A4
P11387	TOP1
Q969P6	TOP1MT
P00807	blaZ
P23297	S100A1
P80511	S100A12
P04271	S100B
Q99584	S100A13
P29034	S100A2
P43116	PTGER2
P0A7J6	rplJ
Q16853	AOC3
Q99527	GPER1
P00846	MT-ATP6
Q14457	BECN1
P03956	MMP1
P08253	MMP2
P08254	MMP3
P09237	MMP7
P22894	MMP8
P09238	MMP10
P24347	MMP11
P45452	MMP13
P50281	MMP14
P51511	MMP15
P51512	MMP16
Q9ULZ9	MMP17
Q99542	MMP19
O60882	MMP20
Q8N119	MMP21
O75900	MMP23B
Q9Y5R2	MMP24
Q9NPA2	MMP25
Q9NRE1	MMP26
Q9H306	MMP27
Q9H239	MMP28
P03176	TK
Q51911	pab
P52209	PGD
P24752	ACAT1
P24557	TBXAS1
P04054	PLA2G1B
P08164	nadE
P21589	NT5E
P26676	L
P16502	PB1
P22413	ENPP1
Q16647	PTGIS
P0AES6	gyrB
P0AFI2	parC
Q9ULX7	CA14
P29972	AQP1
Q7Z2W7	TRPM8
O75762	TRPA1
Q8NET8	TRPV3
P0A749	murA
P63316	TNNC1
P26447	S100A4
P07288	KLK3
P01189	POMC
Q5L2G3	GK0582
P61278	SST
P49146	NPY2R
P10696	ALPG
Q23022	unc-38
Q9N587	unc-63
Q27218	lev-1
P48181	unc-29
Q14181	POLA2
O95644	NFATC1
P18846	ATF1
P15336	ATF2
P18847	ATF3
P18848	ATF4
Q9Y2D1	ATF5
P18850	ATF6
P17544	ATF7
Q8WYK2	JDP2
P01100	FOS
P60568	IL2
P13716	ALAD
Q49184	sulI
P68871	HBB
P02794	FTH1
P02792	FTL
P30273	FCER1G
P48549	KCNJ3
P48051	KCNJ6
P19320	VCAM1
P48544	KCNJ5
Q14542	SLC29A2
A5X5Y0	HTR3E
O95264	HTR3B
Q70Z44	HTR3D
Q8WXA8	HTR3C
Q9Y698	CACNG2
Q92806	KCNJ9
P32004	L1CAM
Q9UJU2	LEF1
P43115	PTGER3
P30531	SLC6A1
P35218	CA5A
Q9Y2D0	CA5B
P23280	CA6
P35219	CA8
Q9NS85	CA10
O75493	CA11
Q8N1Q1	CA13
Q15842	KCNJ8
O25608	rdxA
Q16850	CYP51A1
P35408	PTGER4
P41146	OPRL1
Q70KI2	pbpA
P26358	DNMT1
P54646	PRKAA2
P54619	PRKAG1
Q9UGJ0	PRKAG2
Q9UGI9	PRKAG3
P04637	TP53
P51812	RPS6KA3
P25963	NFKBIA
Q00653	NFKB2
P19838	NFKB1
P10632	CYP2C8
P05177	CYP1A2
P33261	CYP2C19
P9WNX1	folA
P35610	SOAT1
Q9UHC9	NPC1L1
P15144	ANPEP
P53805	RCAN1
P48039	MTNR1A
P49286	MTNR1B
P06746	POLB
P00492	HPRT1
P30044	PRDX5
Q14978	NOLC1
P25815	S100P
P25024	CXCR1
P00183	camC
P08192	folC
P01584	IL1B
P29466	CASP1
P42574	CASP3
P99999	CYCS
P02585	TNNC2
P08700	IL3
P08686	CYP21A2
Q96RD7	PANX1
Q9NYV7	TAS2R16
P0A953	fabB
P0AAI5	fabF
P0A6R0	fabH
P49327	FASN
O43923	MMP25
P72524	gyrA
P0A4L9	gyrB
P72525	parC
Q59961	parE
Q9Y6L6	SLCO1B1
P46721	SLCO1A2
Q9NPD5	SLCO1B3
O94956	SLCO2B1
P51788	CLCN2
Q99835	SMO
P18465	HLA-B
P10415	BCL2
P12104	FABP2
P0A0K8	gyrB
A0A0H2XJ39	pbp3
P62593	bla
P62593	blaT-3
P62593	blaT-4
P62593	blaT-5
P62593	blaT-6
P13500	CCL2
P28482	MAPK1
P27986	PIK3R1
O00459	PIK3R2
Q92569	PIK3R3
Q4ZHU6	PDE4
Q92753	RORB
P11678	EPX
P46597	ASMT
P27707	DCK
P27487	DPP4
P16233	PNLIP
P07098	LIPF
P08729	KRT7
P50993	ATP1A2
P13637	ATP1A3
O75908	SOAT2
P55157	MTTP
Q02127	DHODH
Q14289	PTK2B
P12461	TMP1
O60733	PLA2G6
Q15111	PLCL1
O95665	NTSR2
P16109	SELP
O95750	FGF19
P14210	HGF
Q02768	MT-CYB
Q08210	PFF0160c
P0A0N4	qacR
Q58L87	lfrR
P18031	PTPN1
P16860	NPPB
P17302	GJA1
P16581	SELE
Q16665	HIF1A
P48050	KCNJ4
Q96S37	SLC22A12
P0A3M5	penA
Q51504	pbpB
P0AEB3	dacA
Q04707	ponA
P14677	pbpX
P08100	RHO
P59768	GNG2
Q6W5P4	NPSR1
P50859	ERG11
Q16881	TXNRD1
P24385	CCND1
P38936	CDKN1A
Q13547	HDAC1
P29590	PML
P49888	SULT1E1
O00206	TLR4
P11137	MAP2
P78559	MAP1A
P09960	LTA4H
P9WGY7	rpoC
Q7L0J3	SV2A
Q9H169	STMN4
P21731	TBXA2R
P04040	CAT
P27816	MAP4
P51787	KCNQ1
P51580	TPMT
P01579	IFNG
P12931	SRC
P29317	EPHA2
P06239	LCK
P07947	YES1
P51692	STAT5B
P06241	FYN
Q06187	BTK
Q92570	NR4A3
P11274	BCR
P41240	CSK
P54756	EPHA5
P54760	EPHB4
P09769	FGR
P42685	FRK
P11142	HSPA8
P07948	LYN
Q9NYL2	MAP3K20
Q16539	MAPK14
Q9A1X4	rplC
P10635	CYP2D6
P20815	CYP3A5
O60664	PLIN3
P20645	M6PR
P11717	IGF2R
O60894	RAMP1
O60895	RAMP2
O60896	RAMP3
P33681	CD80
Q01718	MC2R
P06850	CRH
P33673	csn
P44345	rplD
P76577	pbpC
P27169	PON1
P40933	IL15
P0AFI5	pbpG
P50052	AGTR2
P49841	GSK3B
P29218	IMPA1
O14732	IMPA2
P06870	KLK1
Q01082	SPTBN1
P20810	CAST
P49747	COMP
P05187	ALPP
P05109	S100A8
P06702	S100A9
P12644	BMP4
P08493	MGP
Q8TAB3	PCDH19
O75340	PDCD6
P21796	VDAC1
P45880	VDAC2
Q9Y277	VDAC3
P78508	KCNJ10
Q9UNX9	KCNJ14
Q99712	KCNJ15
P05231	IL6
P01138	NGF
P05113	IL5
P12724	RNASE3
Q02817	MUC2
Q5SHN7	rpsJ
O15528	CYP27B1
Q9HAB3	SLC52A2
O60858	TRIM13
Q00441	eryF
P00947	ksi
P02786	TFRC
Q9BY41	HDAC8
Q9NZD4	AHSP
Q16595	FXN
P39748	FEN1
Q96FI4	NEIL1
Q969S2	NEIL2
P04075	ALDOA
P68104	EEF1A1
P06733	ENO1
P15531	NME1
P07237	P4HB
P30101	PDIA3
Q06830	PRDX1
P78330	PSPH
P60174	TPI1
P49411	TUFM
P02795	MT2A
O14618	CCS
P56524	HDAC4
P04279	SEMG1
O15304	SIVA1
Q00987	MDM2
P01308	INS
P46939	UTRN
O15350	TP73
P25713	MT3
Q8N907	DAND5
P04217	A1BG
P01019	AGT
P02765	AHSG
P02743	APCS
P02647	APOA1
P02652	APOA2
P06727	APOA4
Q0VD83	APOBR
P02649	APOE
O14791	APOL1
P04003	C4BPA
P20851	C4BPB
P46736	BRCC3
P07357	C8A
P07358	C8B
P07360	C8G
P00751	CFB
P08603	CFH
P05156	CFI
P10909	CLU
P15169	CPN1
P22792	CPN2
P81605	DCD
P15924	DSP
P00748	F12
P05160	F13B
O75636	FCN3
P02751	FN1
P06396	GSN
P00739	HPR
Q86YZ3	HRNR
P35858	IGFALS
P01876	IGHA1
P01871	IGHM
P01599	IGKV1-17
P01619	IGKV3-20
P80748	IGLV3-21
P19827	ITIH1
P19823	ITIH2
Q06033	ITIH3
Q14624	ITIH4
P01591	JCHAIN
P14923	JUP
P03952	KLKB1
P01042	KNG1
P04264	KRT1
P13645	KRT10
P02533	KRT14
P08779	KRT16
P35908	KRT2
P13647	KRT5
P02538	KRT6A
P35527	KRT9
Q96PD5	PGLYRP2
P20742	PZP
P31151	S100A7
P49908	SELENOP
P01009	SERPINA1
P01011	SERPINA3
P29622	SERPINA4
P08185	SERPINA6
P02766	TTR
P51693	APLP1
Q06481	APLP2
P16444	DPEP1
P0AD63	bla
P62594	bla
P20594	NPR2
P12758	udp
P80188	LCN2
P01857	IGHG1
Q27796	HGPRTase
Q8VP84	trpD
P08870	pyrE
Q9NWZ5	UCKL1
O85465	cel5A
P46883	tynA
P12851	xylA
P12070	xylA
P37330	glcB
P00509	aspC
P37698	celCCF
Q79G13	celA1
P9WKE1	tmk
P23919	DTYMK
P03007	dnaQ
Q9HU22	rmlA
P00469	thyA
P06612	topA
Q15788	NCOA1
Q16678	CYP1B1
Q44244	Aaar
Q96C86	DCPS
P06730	EIF4E
O68600	fcbB
P39304	ulaD
P60757	hisG
P17538	CTRB1
P07477	PRSS1
Q7WUJ1	phyA
P19883	FST
Q53908	actVA
P50870	vatD
Q06174	est
P40871	dhbE
P14900	murD
P45066	murC
Q9UKU7	ACAD8
P71278	onr
P80040	mdh
P0C278	fccA
P16930	FAH
P15259	PGAM2
Q8RJN5	pam
P48147	PREP
P0A6I9	coaE
P0AEK4	fabI
P22262	prfA
P9WHE9	ribH
P04183	TK1
P37672	dlgD
Q9P2W7	B3GAT1
Q9NP99	TREM1
P26196	DDX6
Q746J6	TT_P0059
Q9NWT6	HIF1AN
P9WNX3	serA
O25927	lpxA
P21283	ATP6V1C1
Q9HU21	rmlC
Q9KVB4	VC_0232
Q51782	phnA
A0A0H2URW2	SP_1951
P16152	CBR1
Q44048	mndD
P06875	pac
P00436	pcaG
P00437	pcaH
P10844	botB
Q06520	SULT2A1
O00204	SULT2B1
P07445	ksi
P22637	choB
O66496	kdsA
Q9X519	gpmI
Q07412	TPI
P13929	ENO3
P02144	MB
P0C0F4	hasB
P13000	bioD1
P16304	adk
P27142	adk
P84139	adk
P54819	AK2
Q96MA6	AK8
P69441	adk
P00568	AK1
Q79FX6	mmaA2
P9WPB7	cmaA1
P35963	gag-pol
P08200	icd
P16100	icd
Q99798	ACO2
P48735	IDH2
O75874	IDH1
P77541	prpB
P42768	WAS
P03366	gag-pol
Q00740	acdS
P07822	fhuD
P63208	SKP1
P0ACC1	prmC
P07617	PAPS
O87696	cbiF
P22061	PCMT1
P11086	PNMT
P9WPB5	cmaA2
P14751	rsrIM
Q9WYV8	prmC
O60678	PRMT3
Q9WZX6	rsmH
P13956	ermC'
P44868	trmL
P11409	pvuIIM
P04392	DAM
P9WPB3	pcaA
Q99873	PRMT1
P25924	cysG
P05102	hhaIM
Q8WTS6	SETD7
P43912	trmD
Q9H2P9	DPH5
Q54527	rdmB
P0A876	trmD
P21631	cobA
Q5SKH6	TTHA0667
P07801	cheR
P14385	taqIM
Q56308	pcm
Q86VU5	COMTD1
Q06528	dnrK
P9WIQ3	fprA
P56690	ileS
P49247	RPIA
P0AGJ9	tyrS
Q8WX39	LCN9
Q13526	PIN1
P63185	V-SRC
P67910	hldD
P45510	dhaK
Q16613	AANAT
P56740	folB
P62258	YWHAE
P53779	MAPK10
Q9UQF2	MAPK8IP1
P45983	MAPK8
P33981	TTK
P0A6I3	coaA
Q13907	IDI1
P62623	ispH
P43133	nprS
P39594	thiE
P10644	PRKAR1A
Q9L9D7	cocE
P30012	nadC
P9WJJ7	nadC
Q46822	idi
P15273	yopH
P15289	ARSA
A0A0H3JWX6	srtB
P07478	PRSS2
P00782	apr
Q54528	rdmC
P08692	arsC
P08631	HCK
Q9UBX1	CTSF
P02788	LTF
O14792	HS3ST1
P10153	RNASE2
P50225	SULT1A1
Q9Y663	HS3ST3A1
P52848	NDST1
P0A2W7	acpS
O43704	SULT1B1
P0AB80	ilvE
P06986	hisC
P06971	fhuA
P0A872	talB
P29717	XOG1
P00805	ansB
P11226	MBL2
P0AB91	aroG
P0A716	kdsA
Q57265	synC
P35558	PCK1
Q9WYH8	aroF
P28720	tgt
P9WN25	glbN
P17931	LGALS3
P69681	amtB
P26841	cat
P00488	F13A1
Q05581	cs1
P0A9S1	fucO
Q8GEZ8	dhaB1
Q9NPH2	ISYNA1
Q60053	tvaI
P05618	cgt
P00691	amyE
P9WQG9	aac
Q9UNI1	CELA1
O06644	frc
P0A334	kcsA
P01834	IGKC
Q6NUS8	UGT3A1
Q46393	fmoA
P52961	ART1
P56220	dapD
P71447	pgmB
P41789	glnG
P43235	CTSK
P62619	ispF
P51003	PAPOLA
P46976	GYG1
P31677	otsA
P09148	galT
Q14376	GALE
P26393	rmlA
P09147	galE
P04547	bgt
Q7Z4J2	GLT6D1
P00722	lacZ
P07464	lacA
P03023	lacI
Q9H4M7	PLEKHA4
Q9UN19	DAPP1
P23677	ITPKA
Q99418	CYTH2
O43739	CYTH3
P62330	ARF6
Q08188	TGM3
P9WN95	ftsZ
P62491	RAB11A
P19961	AMY2B
Q46079	cslB
Q59288	cslA
P04350	TUBB4A
Q13509	TUBB3
Q9BQE3	TUBA1C
Q9NY65	TUBA8
P68363	TUBA1B
Q45697	uao
P33038	murA
P16113	pyp
Q3IWB0	hutH
P14174	MIF
P0A079	map
P0A078	map
P15917	lef
P12499	gag-pol
P24941	CDK2
P05019	IGF1
P16088	pol
P36419	aspS
P08877	ptsH
P46459	NSF
Q86YB8	ERO1B
Q9WYT0	thyX
P15587	xylA
P32396	hemH
P06653	lytA
Q46730	tnpA_2
P00282	azu
Q9BWD1	ACAT2
P02689	PMP2
P07097	phaA
P31133	potF
P40859	soxA
P17612	PRKACA
P07986	cex
P47228	bphC
P22906	DFR1
Q86XF0	DHFR2
P9WIL5	panC
P00803	lepB
P00800	npr
P0A9J6	rbsK
P05798	rnaSA
P10943	hutP
P0A7E1	pyrD
Q60099	dhlB
P0A1V8	bla
P42321	katA
O07347	ffh
P0A733	mgsA
Q13363	CTBP1
Q9X0N8	pgl
P9WPE1	citE
O14936	CASK
P9WKE9	gmk
Q9X278	buk2
Q9BVM4	GGACT
P20472	PVALB
P14621	ACYP2
Q81C15	BC_2969
P80357	astA
P39841	yvyI
Q9X0V0	TM_1223
P75914	ycdX
O34714	oxdC
P16544	actIII
Q9NQX3	GPHN
Q81F54	BC_1747
Q06700	gcdA
Q9WXS0	TM_0065
P77872	katA
Q9X0F9	TM_1070
O31465	glsA1
P77454	glsA1
P30749	moaE
Q9X0L5	TM_1131
Q9Z4N6	fbpA
Q5SHZ4	gyrB
Q46891	otnI
Q59643	hemB
P0A6D3	aroA
P00780	apr
P0A6K3	def
P05041	pabB
Q7Z406	MYH14
Q09013	DMPK
O25323	HP_0602
Q9UKM7	MAN1B1
P45124	rsuA
P0C0T5	mepA
P37610	tauD
P54965	cbh
P9WNS5	dut
P06968	dut
P07602	PSAP
Q83QN9	zipA
P77173	zipA
P43683	mrsA
O75390	CS
Q88CZ6	hutU
Q16774	GUK1
Q9A5I5	pleD
Q38087	43
P36959	GMPR
P41007	pyrR
P00497	purF
P0A9M5	gpt
Q05599	cobU
P0AG16	purF
P0A115	clcD
P16753	UL80
P83844	nudF
O33199	MT1739
Q9F5I8	cgiA
Q9KWT6	algQ1
Q9KWT5	algQ2
P20906	mdlC
P37063	pox5
P0AFG8	aceE
P23234	ipdC
Q9LCV9	ceaS
P27302	tktA
P27696	budB
Q9Y6L7	TLL2
P35398	RORA
O67648	lpxC
Q8ZKF6	acs
P07108	DBI
P69903	frc
P31572	caiB
P09373	pflB
P9WK17	glcB
P13702	mvaA
P0A6I8	coaD
P96618	acpS
P21340	paiA
P23181	aacC1
P0A8V9	fadR
Q92993	KAT5
Q8ZPC0	rimL
O32248	yvbK
Q81EE4	BC_2038
P44886	HI_0827
Q9F6D4	fabH
P9WJM7	mshD
Q92830	KAT2A
Q9KEQ1	BH0798
Q92831	KAT2B
P9WNP5	menB
Q9LCX9	cit
Q47764	aac(6')-Ii
P39135	sfp
Q9HYX1	PA3270
P43886	cysE
O34002	gltA
Q04416	fcbC
P0ACC7	glmU
P10724	alr
Q01468	xylH
P19367	HK1
P26276	algC
P54716	glvA
P17169	glmS
Q9X108	bglT
P06744	GPI
Q08881	ITK
P43405	SYK
P49137	MAPKAPK2
P48736	PIK3CG
P43403	ZAP70
P0ABQ4	folA
Q8I814	ptr2
P48449	LSS
P20231	TPSB2
P25052	tenA
P55882	thiD
P08337	mutT
P95468	tyrB
P50607	TUB
P34913	EPHX2
O34453	nos
P0A884	thyA
Q9K578	blaFEZ-1
O08498	blaB1
P26918	cphA
Q9KKU4	VC_A1006
Q16706	MAN2A1
P50897	PPT1
Q9I7A8	def
P28305	pabC
Q8ZNF3	arnB
P16932	dgdA
A0A0H3K1U2	mvaS
P96622	ndoA
P43457	ntpK
Q9UKQ2	ADAM28
Q00535	CDK5
P06493	CDK1
Q15078	CDK5R1
Q5SIR5	rpiA
Q84CU3	ndx4
P24630	hemL
P26397	rfbG
P13639	EEF2
Q9NXA8	SIRT5
P00438	pobA
P45799	nudE
Q9NTG7	SIRT3
P37700	celCCG
P96945	lgtC
P0ABP8	deoD
P20035	LACZ
P46859	gntK
P61322	lolB
P35080	PFN2
P61320	lolB
A9CJ63	Atu1372
Q734I1	BCE_3424
Q5LRQ9	SPO2066
Q81Y15	tkt2
Q92930	RAB8B
P12497	gag-pol
P0AE18	map
P20248	CCNA2
P32947	LIP3
Q9BZX2	UCK2
P04585	gag-pol
Q6UWN8	SPINK6
P07858	CTSB
P0A7D4	purA
Q9U8D3	Adss
P26281	folK
P27017	amiC
P05364	ampC
P14489	bla
Q93CA2	ampC
P0AET8	hdhA
Q51792	phzF
P0A433	opd
P0A434	opd
P05020	pyrC
P26602	ubiC
P04190	blm
P45563	xapA
Q46509	mop
P33247	shc
P09668	CTSH
Q9X0D0	hisC
P19938	dat
Q56232	aspC
P22256	gabT
Q00169	PITPNA
P15879	C3
P00959	metG
P08581	MET
Q02750	MAP2K1
P77150	pdxY
P19080	aroH
Q9RRU8	luxS
Q57366	dmsA
P32119	PRDX2
Q8NX78	def
Q9FD87	mvaS
P84124	tthHB8IM
Q79MP6	blaIMP-1
P39126	icd
Q9UJM8	HAO1
P36873	PPP1CC
P56868	murI
O07015	rsbQ
P0A793	panD
Q9FCA6	cyp158a2
P09012	SNRPA
P30418	NMT1
O60551	NMT2
P07071	nrdD
P0ABE7	cybC
Q6UWM7	LCTL
P04053	DNTT
Q9UBQ6	EXTL2
Q16222	UAP1
P27828	wecB
P16442	ABO
P17443	murG
Q84FH6	aroH
Q99470	SDF2
P0A794	pdxJ
Q820S6	NE0143
P01112	HRAS
Q56313	ruvB
P32890	eltB
P01556	ctxB
O66529	ribH
Q9NPB1	NT5M
P09598	plc
P07773	catA
P06608	ansB
P0A094	nos
Q93UV9	PROF
P29422	katA
P33221	purT
P08179	purN
P13507	amyP
Q08751	tvaII
P28593	TPR
P29208	menC
Q47Q21	menC
P74334	sll1541
P16112	ACAN
P13376	pgiB
P0ACB2	hemB
P17900	GM2A
P25105	PTAFR
Q53ZE5	pyrDA
P00362	gap
Q59931	gapN
P0A9B2	gapA
P68638	VACWR025
P04958	tetX
P59846	argG
P06820	NA
P22939	ispA
P58758	tzs
P16384	miaA
P12995	bioA
P43777	folK
P11444	mdlA
P46828	ccpA
P51691	atsA
P08842	STS
P22459	KCNA4
P15925	fpgS
Q12882	DPYD
Q9UKL6	PCTP
P14756	lasB
P35030	PRSS3
P11546	lacG
P22188	murE
Q9UL51	HCN2
Q46856	yqhD
O34667	luxS
P13501	CCL5
O60942	RNGTT
P41407	azoR
O67757	nusG
Q9BV57	ADI1
P30793	GCH1
P43026	GDF5
P06312	IGKV4-1
Q9X592	pelA
P05893	gag
P71143	sdbA
Q13231	CHIT1
Q8YWS4	alr1529
Q7Z4W1	DCXR
P30041	PRDX6
Q9WZD5	TM_0667
P13686	ACP5
P23526	AHCY
Q13838	DDX39B
P23367	mutL
Q04095	gag-pol
P03706	R
P0AES2	gudD
Q65CX5	ganB
Q9RME2	serC
P12676	choA
Q02169	maf
P28248	dcd
Q97E82	comB
P11411	zwf
Q01782	PTR1
Q07982	gfo
P04798	CYP1A1
P83788	kynU
Q8Y7N7	murI
P49913	CAMP
P07658	fdhF
P77444	sufS
Q55793	csd
O32393	cyaC
P08311	CTSG
P20586	pobA
P43876	aroE
P0ADA1	tesA
P02941	tar
Q8P8J2	argF'
Q9X1K9	dapA
P49789	FHIT
P23458	JAK1
Q9X1T2	TM_1596
P56817	BACE1
P35557	GCK
Q9ZB17	galM
P0A6V8	glk
Q9HYN5	lecB
Q9KG76	BH0236
Q9WXN1	TM_0024
Q8GJ44	xynA
O07653	celB
P14090	cenC
P0C2S5	celS
P0AEE5	mglB
P46926	GNPDA1
P36924	spoII
Q9BW91	NUDT9
O60264	SMARCA5
P26827	amyA
P01552	entB
P04745	AMY1A
P04745	AMY1B
P04745	AMY1C
P00490	malP
P69178	stxB
O14594	NCAN
P13650	gdhB
P29957	amy
Q54331	celB
P0AC38	aspA
Q9ZEU2	ams
O34974	moxC
P54583	Acel_0614
P23905	mglB
P23827	eco
Q701N4	KRTAP5-2
Q9BZZ2	SIGLEC1
P38940	nplT
Q60037	xynA
P26466	lamB
P02943	lamB
P05162	LGALS2
Q9RX51	treZ
Q7WT42	ppgmk
Q48436	budC
P47929	LGALS7
P47929	LGALS7B
Q6L8H2	KRTAP5-3
P23340	celC307
P94622	engF
P26221	celD
Q47644	stx2e
P12528	9
P35247	SFTPD
P01574	IFNB1
P0AEX9	malE
P0C2S2	celA
P14550	AKR1A1
P31992	pptA
P28838	LAP3
P16118	PFKFB1
P32170	rhaA
P09466	PAEP
P96965	cumD
P03369	gag-pol
P11797	chiB
P17315	cirA
Q9K597	ompC
P62837	UBE2D2
P08238	HSP90AB1
P9WMC1	ethR
P04584	gag-pol
P36673	treR
Q7SIB1	cca
P26396	rfbF
Q9X1B3	ispD
P27623	tagD
Q46893	ispD
P42216	kpsU
P0ABQ0	coaBC
P39377	iadA
P07944	pbp
P0A759	nagB
Q5SJ79	cbaA
Q5SJ80	cbaB
P82543	cbaD
P04118	CLPS
Q56408	cbaA
P98052	cbaB
P30301	MIP
P09391	glpG
Q146M9	Bxe_A4289
P60063	adiC
P61888	rffH
P03692	4
O00142	TK2
Q9PPP5	tdk
Q08698	nrdE
P08690	arsA
P0A6I0	cmk
P21638	cobH
P0AE67	cheY
P20339	RAB5A
P22364	mauC
P80561	SGR_5809
Q9HVZ0	gmhA
P22694	PRKACB
P50613	CDK7
P97084	cobD
P31949	S100A11
P53778	MAPK12
O14965	AURKA
Q10588	BST1
Q8NFW8	CMAS
Q59771	pdh
Q96L21	RPL10L
P40429	RPL13A
P62829	RPL23
P61313	RPL15
P84098	RPL19
P62750	RPL23A
Q9UHA3	RSL24D1
Q9UNX3	RPL26L1
P62917	RPL8
P61927	RPL37
P39023	RPL3
P62913	RPL11
P55769	SNU13
P15085	CPA1
P45568	dxr
P08758	ANXA5
P76216	astB
P62136	PPP1CA
P30153	PPP2R1A
Q13362	PPP2R5C
P63151	PPP2R2A
P11712	CYP2C9
P05062	ALDOB
Q07785	CRK2
P22983	ppdK
Q56310	cheA
P31323	PRKAR2B
P94182	cyaB2
Q98GN8	mll3241
P0ACJ8	crp
P03472	NA
P0CG22	DHRS4L1
P0CG47	UBB
O15379	HDAC3
Q9UBN7	HDAC6
O67135	acuC1
O60547	GMDS
P26394	rfbC
Q9PM68	ispDF
P62617	ispF
P9WFF5	Rv1086
P9WFF7	uppS
P23276	KEL
P30084	ECHS1
P0C8P8	tpdA
P29395	rplK
P00521	ABL
P04632	CAPNS1
Q88K39	ansB
Q05488	glmS
A3FMN7	bpuJIR
L0DSL2	nir
Q82EE4	SAVERM_4671
Q74EF5	GSU1007
B7JA91	AFE_1514
Q3JWH7	gpmA
Q8ZIV7	purA
Q2LU76	SYN_02013
A7B6P0	RUMGNA_03254
Q87MW5	VP2116
Q08462	ADCY2
P63092	GNAS
O95622	ADCY5
Q6GGU4	aroB
P25910	ccrA
P0AE22	aphA
P0AGC3	slt
P41052	mltB
Q96T66	NMNAT3
Q94M05	4
O07732	lipJ
Q9XB61	carA
P14941	adh
Q56148	SVEN_4064
P19624	pdxA
P54317	PNLIPRP2
P68133	ACTA1
P60953	CDC42
Q8I372	PF3D7_0907900
P98170	XIAP
Q9ZF99	mdh
P35270	SPR
Q9RUZ0	DR_1240
Q9ZAG3	limA
P03276	L2
O34450	nagA
P22073	bglA
P22830	FECH
P51161	FABP6
P13073	COX4I1
P00395	MT-CO1
P00403	MT-CO2
P00414	MT-CO3
P20674	COX5A
P10606	COX5B
P09669	COX6C
P24311	COX7B
P15954	COX7C
P10176	COX8A
Q02221	COX6A2
P14854	COX6B1
P24310	COX7A1
Q7KZA3	DKFZp686P18130
Q8TDU6	GPBAR1
O43252	PAPSS1
P0A1P6	glnA
Q2RJ67	Moth_1208
P23222	fixL
P49424	manA
P11439	eta
P13551	fusA
P62580	cat
P00484	cat3
P16050	ALOX15
Q8TCG2	PI4K2B
P08648	ITGA5
P37840	SNCA
Q86T13	CLEC14A
P11166	SLC2A1
Q92945	KHSRP
O31616	thiO
Q59325	cbhA
P9WPP7	cyp121
Q8VVD2	aguA
O35000	nagB
P00512	pfkA
P00943	tpiA
P09104	ENO2
P50921	tpiA
Q7ADF8	hxpB
Q9X180	TM_1359
P11802	CDK4
Q75UV1	ndx1
P01848	TRAC
P01850	TRBC1
P01892	HLA-A
P31723	MSDC
P62312	LSM6
P0A927	tsx
P05042	fumC
Q7Z2Z2	EFL1
Q7K9G0	MST
Q9ZHG9	c-des
P31142	sseA
P31101	hcp
Q16762	TST
Q5SJI0	TTHA1028
P0A6V7	glpE
Q01770	hcp
P0A006	arsC
P29460	IL12B
P0C0J0	speB
P02929	tonB
Q59976	bgl3
Q9L5C8	blaCTX-M-9a
Q9L5C7	blaCTX-M-14
P71119	hmuO
Q9Y3I0	RTCB
P22340	scrY
P05655	sacB
Q840M4	blaCTX-M-27
P11759	algD
P84077	ARF1
P20261	LIP1
Q06124	PTPN11
P12488	env
P15474	aroQ
P14193	prs
P0AG82	pstS
P75430	MPN_348
P9WPX7	aroQ
P00381	folA
P9WQN9	fbpC
P00634	phoA
Q9X266	TM_1744
P0A827	glyA
P17846	cysI
P36871	PGM1
Q54089	relA
P14920	DAO
P19926	agp
Q9WZC2	speE
P22266	estA
Q8NBQ5	HSD17B11
P9WGT1	fabG3
P01859	IGHG2
Q5SID9	TTHA1435
O60911	CTSV
P29723	TP_0574
P08048	ZFY
P11172	UMPS
P08244	pyrF
P04964	ddh
Q9KQN0	VC_1968
P32055	fcl
P39646	pta
P41020	ureC
P41021	ureB
P41022	ureA
Q5SII2	rsmF
Q93TU6	camK
P9WK19	map
P42126	ECI1
P11310	ACADM
Q9X4K7	pccB
P17297	bphC
P0A108	doxG
P17600	SYN1
O14874	BCKDK
P54278	PMS2
P62219	recA
P42443	recA
Q59560	recA
P15043	recQ
P06710	dnaX
P9WI81	pknB
Q7BK04	cag-alfa
P18843	nadE
P0A6F3	glpK
Q15075	EEA1
P04164	cycA
P0A6L6	nanA
P01303	NPY
Q83P33	purA
Q56748	sud
Q9RVD6	trpS2
P04391	argI
Q05315	CLC
P18357	blaR1
P39593	thiM
P20813	CYP2B6
Q83JC4	tufA
Q83JC4	tufB
Q93EK7	lgtC
P81989	punA
P00973	OAS1
P11488	GNAT1
P0A9D2	gstA
Q54468	chb
P9WNG3	fabH
P41235	HNF4A
P98155	VLDLR
Q9NZD2	GLTP
Q9UNK4	PLA2G2D
Q9I194	pvdQ
P32169	rhaD
P0AB87	fucA
P0AB74	kbaY
P0AB71	fbaA
O94766	B3GAT3
Q46444	qheDH
P09546	putA
P00746	CFD
P30419	NMT1
P0ABF6	cdd
P0A820	metK
Q57193	ctxB
P78368	CSNK1G2
P11413	G6PD
P0CG04	IGLC1
P01709	IGLV2-8
Q03403	TFF2
P00091	cycA
O68601	nir
O43612	HCRT
P80075	CCL8
P03950	ANG
P0DJ06	SAP2
P0ABA0	atpF
P04062	GBA
P34024	plcA
O14735	CDIPT
P9WKD7	rpiB
P07254	chiA
P52045	scpB
Q92876	KLK6
P00775	sprT
Q9Q2G8	ORF
P0A9E0	araC
P02924	araF
P21905	atpE
P37747	glf
P39662	hmp
P16435	POR
Q92947	GCDH
P61497	phr
Q96RQ9	IL4I1
P42593	fadH
Q56839	xecC
P0A9P4	trxB
P0AEZ1	metF
P26440	IVD
Q9AGP8	dmg
P37062	npr
P21890	petH
P38038	cysJ
Q44532	fpr
O95831	AIFM1
Q52437	bphA4
Q888A4	PSPTO_1126
P00914	phrB
P05327	phr
P10902	nadB
P77967	cry
Q9Z4P0	ifcA
Q9UHQ9	CYB5R1
P22570	FDXR
Q15067	ACOX1
P08373	murB
P55789	GFER
P61432	murB
P24232	hmp
Q9LAG2	pheA2
Q9RA47	metF
P16640	camA
P9WHH7	lpdA
P9WIQ1	glf
P55792	abfD
P09788	pchF
P19480	ahpF
Q51225	m-6
Q94655	GR2
Q47PU3	pamO
P07771	benC
Q72JJ3	TT_C0779
Q9KIE5	fkbI
P09063	lpdV
P14218	lpd
P35340	ahpF
P58558	petH
P28861	fpr
Q9RC23	mrsD
P07024	ushA
Q51705	nosZ
P19821	polA
O68874	aqpZ
Q93RD8	puhA
P60844	aqpZ
Q02761	petB
Q02762	petA
Q02760	petC
P32019	INPP5B
P12998	bioF
P95780	rmlB
Q8GIQ0	rmlC
P16608	trpA
P00929	trpA
P0A2K1	trpB
O31156	phnX
P32320	CDA
P59676	pbpX
Q9XBQ3	abfA
P15151	PVR
Q8GR64	qbdA
P27505	pqqC
Q9Z4J7	exaA
Q08638	bglA
Q96QU6	ACCS
Q9HAN9	NMNAT1
Q837V6	ligA
P38489	nfsB
P18548	cefE
P0A8X2	yceI
P16099	tmd
Q9F0J6	roo
Q9WZW1	TM_0857
Q51990	morB
Q56691	frp
O75676	RPS6KA4
Q51793	phzG
Q9NYQ3	HAO2
Q9RYU4	DR_A0214
P61949	fldA
P50740	fni
Q60049	nox
Q46604	DvMF_2023
Q81EW9	BC_1844
Q96CD2	PPCDC
O69755	phzG
P55038	gltS
P0AFI7	pdxH
P0A2Y7	aroC
P63462	azoR
P30197	epiD
P56122	aroC
P0A3D9	isiB
P00323	DVU_2680
P10340	isiB
Q8DW21	SMU_260
Q9WXV1	TM_0096
P50618	nrdI
P69772	ecdB
P20932	mdlB
O07529	azr
Q9ZK53	fldA
O00141	SGK1
Q01234	nfsB
Q9FDN7	fprA
Q746I8	fni
Q9HTQ2	dadX
P00861	lysA
Q5KUI2	glyA
Q9WY54	gcvT
P77398	arnA
Q9RZ04	DR_A0149
P94548	fadR
Q9RHZ6	malE
P0A721	tmk
P24425	TK
Q9WYE2	TM_0306
Q53547	estB
P04179	SOD2
P23946	CMA1
Q9REC4	MOD
P03422	P/V
P72181	nirS
P19622	EN2
P50597	rph
Q9Y275	TNFSF13B
Q9Y6I3	EPN1
P10600	TGFB3
P0ABK9	nrfA
Q55013	psbV
P54820	cycM
P00101	nirM
P00137	cyd
P81040	Ddes_2150
Q9RN68	Ddes_2038
P14532	ccpA
P00132	DvMF_2499
P00148	cycP
Q9L915	cytc3
P24474	nirS
P24092	hmcA
Q9RQB9	cycA
Q52369	cc4
O33830	aglA
P19531	amyM
P45494	pepV
P03474	NA
P09382	LGALS1
P03765	ninB
Q96GD3	SCMH1
P02930	tolC
P0A8M5	thrS
Q8NW68	thrS
Q9XB59	carC
P04036	dapB
P31491	yerA
Q12965	MYO1E
Q14565	DMC1
O34598	guaD
P26514	xlnA
P04252	vhb
Q816R0	moaB
P14739	UGI
Q9ZNA2	recR
P0A6B1	acpP
P74645	kaiB
P06988	hisD
P61925	PKIA
Q9KFR4	BH0413
P33590	nikA
Q6PHW0	IYD
Q86WA6	BPHL
O67040	ppx
O53240	Rv2991
P9WG35	tpx
P55210	CASP7
Q59675	xyn10C
Q9KB30	BH2105
P09850	xlnA
Q8RJN8	xyl
O68541	xynC
P15309	ACPP
P0A751	murA
Q97R46	glmU
P26572	MGAT1
P51178	PLCD1
P35241	RDX
Q8RQP5	ispF
Q9LAK3	cst-II
P9WP01	punA
P33316	DUT
O15923	Tcdut
P03371	pol
P0AA43	rsuA
P10186	UL2
Q8X444	ung
Q5SKC5	udg
P77836	pdp
P43985	cmoA
P31434	yicI
P22749	GNLY
P39621	spsA
Q8T8E9	galE
P14779	cyp102A1
P34096	RNASE4
Q47066	bla
P0A789	pyrB
P15770	aroE
P44801	asd
P0C188	pntB
P0AEK2	fabG
Q6UWP2	DHRS11
P76187	ydhF
Q16698	DECR1
Q9WYS2	TM_0441
P80874	yhdN
P55818	mtdA
Q9X022	TM_0920
P06632	dkgA
P46336	iolS
Q14914	PTGR1
Q9WZS7	TM_0820
Q56694	aldH
Q9X0A2	TM_1009
P07650	deoA
P0AE12	amn
Q9AIU0	ttgR
Q9P2N6	KANSL3
P0A9Z7	bla
Q9FA38	fae
Q8WVQ1	CANT1
Q746L7	TT_P0036
P50750	CDK9
Q00534	CDK6
P49336	CDK8
P19438	TNFRSF1A
Q06278	AOX1
O08398	ftsZ
P13100	THYA
Q56320	trpF
P00909	trpC
P0AF93	ridA
P69795	chbB
P69908	gadA
Q9KL51	VC_A0897
P19079	cdd
P0AFK9	potD
Q5SHF5	panC
P25053	tenI
Q81VW8	folP
P9WND1	folP1
P09958	FURIN
P9WK83	lipB
Q6ZZJ1	tcp14
P13009	metH
Q8GGK7	ppcA
P25553	aldA
P31224	acrB
P33517	ctaD
Q03736	ctaC
Q873X9	chiB1
P02775	PPBP
P49366	DHPS
Q0P8G4	dut
P00644	nuc
P42790	pcp
Q9K2N0	blaVIM-2
Q9X0G9	TM_1080
P07711	CTSL
Q5MYR6	prx
P43522	def
Q9H4G4	GLIPR2
Q9X0P2	TM_1158
P96113	def
P04531	1
P30305	CDC25B
Q47NK3	Tfu_1933
Q9WZI0	upp
Q96AZ6	ISG20
P25971	pyrF
Q5KUI3	upp
Q83LD8	ispE
P13001	bioH
P0A921	pldA
Q5SKH7	TTHA0666
Q70GK9	flA
Q64822	L5
P25311	AZGP1
Q64823	L5
P05451	REG1A
P32884	HN
P26392	rfbD
P06132	UROD
P05884	env
O34928	pdaA
Q9Y286	SIGLEC7
P24670	aroD
O85361	hex
Q9ZGH3	desIV
P26391	rfbB
P0AFB1	nlpI
Q8UCK6	dps
P44160	HI_1317
P12996	bioB
P07585	DCN
P36956	SREBF1
Q15120	PDK3
P0DM80	phoQ
P0CI79	thyA1
Q9R5V5	ntd
O31158	cpo
P25774	CTSS
P9WPQ5	bioD
P55055	NR1H2
P0ACQ4	oxyR
P06993	malT
P52758	RIDA
O67987	clcA
P51151	RAB9A
O31168	cpo
Q5PXQ6	chqB
Q52546	repA
P31057	panB
Q14541	HNF4G
O43617	TRAPPC3
Q9X1H9	TM_1468
P00709	LALBA
P08773	42
Q8VTT5	hyuA
P13661	bla
P81006	lhyD
P0A0N5	qacR
P60906	hisS
P0A6Q5	fabA
P0A6Q3	fabA
P25006	nirK
P0AEG6	dsbC
P0A6Y5	hslO
P76270	msrC
Q88H32	ocd
P0A8D6	ymdB
P36405	ARL3
P52664	blaB
P45314	HI_1679
Q9Y468	L3MBTL1
P54548	rnz
Q9X9L0	mglB
Q9X5N2	pep
Q8IWL2	SFTPA1
Q6NXR0	IRGC
P69923	fucI
O32449	pip
Q48255	aroQ
Q9UNA0	ADAMTS5
Q8I3X4	PF3D7_0513300
P51852	ipdC
Q7NSZ5	CV_3270
P39639	bacB
A1A2B5	pheA
Q03393	PTS
P31012	tpl
P31013	tpl
O67636	tyrA
P35222	CTNNB1
Q8XB74	msrP
O14983	ATP2A1
P00558	PGK1
Q8ZKR2	STM4066
Q12756	KIF1A
Q72K87	coaD
Q9WZK0	coaD
P0AB77	kbl
P36897	TGFBR1
P29508	SERPINB3
P36275	shp
Q84424	A103R
Q06110	cagA
P25524	codA
P16115	ldh
P37551	purR
P02741	CRP
Q96BH3	ELSPBP1
P0A076	hlgB
P0CK31	L1
Q9Y678	COPG1
Q13426	XRCC4
P0A745	msrA
P37001	pagP
P0AD64	bla
P69488	cutA
P03234	BVRF2
P83453	tyrS
Q5UPJ7	YARS
P51687	SUOX
P18509	ADCYAP1
P39265	alsB
P12564	HN
Q02834	nedA
Q9RP17	nspA
P12429	ANXA3
P52732	KIF11
P25275	lip
P00167	CYB5A
P42085	xpt
P20964	obg
Q9LCC8	daaA
P06129	btuB
P00646	ceaC
P52197	rhdA
Q9RN59	snoaL
Q9X2W8	pph
P53355	DAPK1
Q9JZW6	panB
P9WQB3	leuA
P0A6C8	argB
Q9HTN2	argB
P02974	pilE1
P13036	fecA
P0A808	frr
P0A805	frr
P13254	mdeA
P00935	metB
Q5SJ28	deoC
P0A6L0	deoC
P15034	pepP
P54455	nadD
O25096	nadE
P05100	tag
Q9UQM7	CAMK2A
P22314	UBA1
P60339	tufB
P0A7Z3	rpiA
P0CG29	GSTT2
P38424	engB
P11124	P2
P61587	RND3
Q15382	RHEB
P0A6T8	folE
P32173	mobA
P43099	odcI
P10114	RAP2A
P08574	CYC1
P00156	MT-CYB
P31930	UQCRC1
P22695	UQCRC2
P07919	UQCRH
O14949	UQCRQ
P47985	UQCRFS1
P14927	UQCRB
Q9UDW1	UQCR10
Q16134	ETFDH
P10384	fadL
P0AGG2	tesB
P0C0Y8	pufL
P0C0Y9	pufM
P0C0Y7	puhA
P98002	ctaDII
P08306	ctaC
P01593	IGKV1D-33
P01764	IGHV3-23
P07173	pufC
P06008	puhA
P06009	pufL
P06010	pufM
P60981	DSTN
P0C0X8	cycA
Q14494	NFE2L1
P42512	fptA
P0A915	ompW
P06716	cia
P23528	CFL1
P76045	ompG
P07110	papC
P69856	nanC
Q3J170	puhA
Q3J1A5	pufL
Q3J1A6	pufM
Q5RT80	porB
A0A0H2WWQ9	pbp2
Q46704	traO
Q46705	traF
Q46702	traN
Q4KH25	PFL_1329
Q9GZU7	CTDSP1
P75792	ybiV
P61713	ribH2
P11998	ribH
Q9RYA6	menC
P17213	BPI
P05896	gag-pol
P0A1X3	mxiM
P0A1X2	mxiM
Q7DB61	grlR
Q6PKH6	DHRS4L2
P56194	hisS
P29973	CNGA1
Q9BVJ7	DUSP23
P25705	ATP5F1A
P06576	ATP5F1B
P36542	ATP5F1C
Q6NVY1	HIBCH
Q5G940	fabZ
O94768	STK17B
P60709	ACTB
O00303	EIF3F
P54652	HSPA2
Q9Y230	RUVBL2
Q15393	SF3B3
P17676	CEBPB
P0A917	ompX
P0A910	ompA
P39767	opmA
P02931	ompF
Q48152	hia
P05695	oprP
P32722	oprD
Q9HUR5	opdK
Q9RBW8	tbuX
A5W4F4	Pput_2883
Q9HVJ6	PA4589
Q72JD8	TT_C0834
O33407	estA
P00778	alpha-LP
P0AGE0	ssb
O31440	cypC
P00808	penP
P9WP23	dapB
P0A955	eda
O14964	HGS
P11922	YPTB1668
P13299	ITEVIR
P10930	12
Q2QJL3	purE
P38516	rplD
P15086	CPB1
P03277	L3
O33833	bfrA
P46849	rtcA
Q9HB21	PLEKHA1
P21408	fbpA
Q9WZ40	ftsY
P0A753	nadD
Q9X286	nusB
Q9CBQ2	nrdF
P9WN39	glnA1
P9WN38	glnA1
P33644	yfiH
P44725	rpiA
P04079	guaA
Q9BY32	ITPA
Q37875	17
Q9X1F0	TM_1436
P32427	pcaB
P06672	pdc
P07384	CAPN1
Q56268	leuB
P16006	CD
P0AFM2	proX
P02925	rbsB
P36946	rbsD
A0A0H2UQB5	licC
Q8WUI4	HDAC7
P9WQD9	kasA
P68826	def
Q93LE9	def
Q819U0	def1
Q819K2	def2
Q82ZJ0	def
P68771	def
Q9HBH1	PDF
Q9X1F8	der
P32056	gmm
P41091	EIF2S3
P63096	GNAI1
P40616	ARL1
P62826	RAN
P51149	RAB7A
P15170	GSPT1
P61586	RHOA
P18085	ARF4
P21980	TGM2
P11233	RALA
Q01698	tuf
Q96KC2	ARL5B
Q26000	rab6
P22392	NME2
Q51366	gmd
Q9X242	rsgA
Q9Y6B6	SAR1B
Q9Y689	ARL5A
P00864	ppc
P53582	METAP1
Q8YSC4	alr3165
P60484	PTEN
Q9S400	aroA
P04015	E2
P9WKK7	icl
P9WGY3	rraA
Q8Z2X8	lsrB
Q6GII7	aroD
P19835	CEL
P36683	acnB
P49759	CLK1
P77425	allC
Q9AQS0	xly
O24990	fabI
P0A6H7	hslU
P29323	EPHB2
Q04230	trwB
P55072	VCP
Q96QT4	TRPM7
P49368	CCT3
Q9WZ57	TM_0588
Q9RA63	clpB
P37093	epsE
P23837	phoQ
P20083	parE
P51570	GALK1
P0A7G9	recA
Q06609	RAD51
P03960	kdpB
P0AEJ4	envZ
Q99661	KIF2C
Q16877	PFKFB4
P0A3Y5	aphA
P02920	lacY
Q9RW27	DR_0842
P61457	PCBD1
P77674	prr
P0A3S0	ncsA
P52687	citA
P01270	PTH
P20823	HNF1A
Q9X112	metE
Q9WYA5	TM_0268
P0C0E6	TK
P80099	mgtA
P35749	MYH11
P60493	rpmA
Q9HZZ3	ohr
Q9RC92	ugl
P65389	moaA
Q02192	bca
Q9UJ68	MSRA
O87949	torD
O15169	AXIN1
Q9L6V3	fpr
P0A6A8	acpP
P53554	bioI
P0A6W9	gshA
Q16740	CLPP
Q92696	RABGGTA
P53611	RABGGTB
P03989	HLA-B
P09152	narG
P11349	narH
P11350	narI
P29377	S100G
P00269	rub
P23882	fmt
P0C1V1	hld
P0CG48	UBC
A5HEI4	atpH
P39300	ulaG
P19909	spg
Q93D82	hheC
O00182	LGALS9
P44490	kdsB
P02778	CXCL10
O75976	CPD
Q9KX40	estB
P36204	pgk/tpi
P19429	TNNI3
P06983	hemC
Q54276	chiB
O32723	spoIIAA
P51584	xynY
Q9UL54	TAOK2
Q03721	KCNC4
Q15796	SMAD2
P07515	ptsH
O00187	MASP2
Q9AFC7	gtfD
P96558	gtfA
P36952	SERPINB5
P9WH11	rmlC
O60493	SNX3
P39805	licT
Q9ULY5	CLEC4E
Q53591	hylB
Q9KWU1	aly
P51800	CLCNKA
O60656	UGT1A9
P0A0Z8	neuA
P14169	rfbE
Q59334	hemB
P29768	nanH
P0C0H6	guaB
P0A9M2	hpt
Q57VC7	Tb927.5.1360
Q16769	QPCT
P22869	mmoX
P35914	HMGCL
Q1LCS4	nbaC
Q8TF76	HASPIN
P30291	WEE1
Q84EX5	radh
Q8Q3H0	pol
O52646	acma
P0A1F6	udp
P0AC41	sdhA
P07014	sdhB
P69054	sdhC
P0AC44	sdhD
P21673	SAT1
P35961	env
Q8P9V9	bcp
P83791	petB
P83794	petC
P83792	petD
P83793	petA
P83797	petG
P83795	petL
P83796	petM
P83798	petN
P0C2P0	bsd
P06709	birA
P15813	CD1D
P11509	CYP2A6
P13981	arcA
P01877	IGHA2
Q13285	NR5A1
Q8II92	PF3D7_1127100
Q93LD7	opdA
P60472	ispU
Q03426	MVK
A9JQL9	crtM
Q8XL08	nagJ
Q96GD4	AURKB
Q13464	ROCK1
A0R559	ispF
O60674	JAK2
O43293	DAPK3
P52333	JAK3
P29597	TYK2
P29827	cinA
P9WHU1	prcA
P9WHT9	prcB
P0A444	psbA1
Q96LB9	PGLYRP3
P39045	dac
O05935	oxoO
Q6A8X5	PPA1039
Q9Y6M4	CSNK1G3
Q15418	RPS6KA1
Q4W9V8	AFUA_4G03560
Q7AUG5	dehB
P41231	P2RY2
Q8RQE9	rpoB
Q8RQE8	rpoC
O14957	UQCR11
Q54AI1	B1A51_02705
Q9H1R3	MYLK2
P51681	CCR5
P20276	rpl2
P06881	CALCA
Q16602	CALCRL
P29371	TACR3
Q15648	MED1
P49356	FNTB
P49354	FNTA
P17342	NPR3
Q16206	ENOX2
Q7DHH4	mecA
P20292	ALOX5AP
Q01726	MC1R
Q5XXA6	ANO1
P56696	KCNQ4
Q9NR82	KCNQ5
P15382	KCNE1
P20273	CD22
Q5T4S7	UBR4
Q8WXI7	MUC16
P27695	APEX1
P08865	RPSA
O14672	ADAM10
Q9Y6K9	IKBKG
P25929	NPY1R
Q15761	NPY5R
P50391	NPY4R
P51686	CCR9
Q969S8	HDAC10
Q96DB2	HDAC11
Q9UQL6	HDAC5
P06280	GLA
O11885	P
Q07973	CYP24A1
Q13443	ADAM9
Q86US8	SMG6
Q96KG9	SCYL1
Q15185	PTGES3
P30411	BDKRB2
Q16831	UPP1
O95045	UPP2
P23560	BDNF
O39930	NS5b
Q96EB6	SIRT1
P24394	IL4R
Q14627	IL13RA2
Q03431	PTH1R
Q14416	GRM2
Q14832	GRM3
P48357	LEPR
Q13093	PLA2G7
P16144	ITGB4
P26010	ITGB7
P41597	CCR2
Q9GZP0	PDGFD
Q8IW54	PDE2A
Q6PEY2	TUBA3E
Q9H853	TUBA4B
Q13885	TUBB2A
Q9BVA1	TUBB2B
Q9BUF5	TUBB6
O96017	CHEK2
O14757	CHEK1
Q15759	MAPK11
O15264	MAPK13
P24158	PRTN3
A1Z199	BCR/ABL
Q8TDV5	GPR119
Q96BI3	APH1A
Q9NZ42	PSENEN
P04141	CSF2
Q16498	CSF2RA
P07359	GP1BA
A6PZ59	RHD
P43490	NAMPT
O30527	pcrV
Q6GJI1	metG
Q14894	CRYM
Q5T601	ADGRF1
P04229	HLA-DRB1
P21281	ATP6V1B2
Q9S427	PPI
Q8NFA2	NOXO1
Q69600	S
Q13882	PTK6
P35225	IL13
P37268	FDFT1
P16422	EPCAM
P40238	MPL
P48060	GLIPR1
P05155	SERPING1
P51164	ATP4B
P10147	CCL3
P35625	TIMP3
Q7L5Y9	MAEA
Q86VB7	CD163
P21926	CD9
P05305	EDN1
Q81ZL8	NE1940
Q9NNW7	TXNRD2
P51671	CCL11
P10145	CXCL8
P02749	APOH
Q9NPF7	IL23A
B0B3C9	NS3/4A
Q5NUL3	FFAR4
P0A786	pyrB
P0AD69	ftsI
Q96IY4	CPB2
O15496	PLA2G10
P22301	IL10
Q96AE4	FUBP1
P13861	PRKAR2A
P49190	PTH2R
Q9UNP4	ST3GAL5
P09429	HMGB1
O14763	TNFRSF10B
O14793	MSTN
Q15116	PDCD1
P58335	ANTXR2
Q9H6X2	ANTXR1
Q9Y6Q6	TNFRSF11A
P40763	STAT3
Q969F8	KISS1R
Q14956	GPNMB
O93182	gag
Q13233	MAP3K1
P04792	HSPB1
Q02224	CENPE
P20807	CAPN3
Q9UQB9	AURKC
Q9Y2T6	GPR55
P16615	ATP2A2
P06734	FCER2
P16410	CTLA4
P49674	CSNK1E
P72355	pbp4
P22460	KCNA5
P04439	HLA-A
P16788	UL97
Q68101	UL97
O15230	LAMA5
P07942	LAMB1
P11047	LAMC1
P25391	LAMA1
Q16787	LAMA3
Q9NPC1	LTB4R2
Q15722	LTB4R
Q00613	HSF1
P08887	IL6R
P11597	CETP
P31639	SLC5A2
Q9NQ25	SLAMF7
P01127	PDGFB
P15391	CD19
P25942	CD40
P01583	IL1A
P18510	IL1RN
P06858	LPL
P29965	CD40LG
P16070	CD44
P05112	IL4
Q9UQQ2	SH2B3
P36507	MAP2K2
Q9Y2U5	MAP3K2
Q13555	CAMK2G
P16389	KCNA2
P22001	KCNA3
P17658	KCNA6
Q96RP8	KCNA7
Q16322	KCNA10
Q14721	KCNB1
Q92953	KCNB2
P48547	KCNC1
Q96PR1	KCNC2
Q14003	KCNC3
Q9NSA2	KCND1
P21452	TACR2
P32745	SSTR3
Q6QNK2	ADGRD1
P10589	NR2F1
Q15750	TAB1
P06434	UL122
P06435	UL122
P12814	ACTN1
Q99623	PHB2
P31327	CPS1
Q7ZJM1	pol
P48061	CXCL12
Q8NEB9	PIK3C3
A0A0M3KKX1	dfrB
Q15661	TPSAB1
Q3JUV5	ppa
Q5L1E2	mtnW
P48552	NRIP1
P00781	apr
P10614	ERG11
Q9I5I9	sdsA1
P53350	PLK1
Q16651	PRSS8
P08217	CELA2A
Q82IZ1	ptlH
P78536	ADAM17
Q51948	nahD
Q83WG3	staP
Q9I596	PA0845
P22088	lip
Q8DNV6	murF
P23467	PTPRB
P13051	UNG
P0A988	dnaN
P45984	MAPK9
P43813	ligA
Q99933	BAG1
P9WGV3	ahcY
Q13133	NR1H3
Q07817	BCL2L1
Q55813	slr0095
A0A0H2Z368	assT
Q13554	CAMK2B
P42892	ECE1
P51955	NEK2
P53609	PGGT1B
Q9UGN5	PARP2
Q8KI25	rbmD
Q05397	PTK2
P0C6X7	rep
Q8GI16	carAc
Q84II6	carAa
P03367	gag-pol
P56601	hemY
P32397	hemY
Q9NQS7	INCENP
Q8IVS2	MCAT
P06202	oppA
Q01043	72
O75460	ERN1
P9WI73	pknG
Q15118	PDK1
Q79FX8	mmaA4
P0A333	kcsA
P20581	pqsE
Q820T1	fabH
Q9KU37	nagZ
Q9UBT6	POLK
P52026	polA
O25928	fabZ
Q9KPI8	mtnN
P54997	soxB
P0AC47	frdB
P0A8Q0	frdC
P0A8Q3	frdD
Q494W8	CHRFAM7A
P95276	MT1988
C0H419	yngHB
A0A0H3JRU9	pycA
P03355	gag-pol
Q9HB40	SCPEP1
P47229	bphD
Q9WWU5	atsK
P19784	CSNK2A2
Q70I53	hdaH
O14818	PSMA7
P0A6G7	clpP
Q13627	DYRK1A
P0C6U8	1a
Q53119	appA
O67931	sqr
B7JBP8	AFE_1792
P95673	B1
P97253	A1
P0AF14	mtnN
Q9KEI9	rnhA
Q9H2G2	SLK
Q16566	CAMK4
P49761	CLK3
P17412	frdA
P17596	frdB
P17413	frdC
P33260	CYP2C18
Q9Y6F1	PARP3
Q9HCD5	NCOA5
Q9ZGI2	pikAIV
P9WPN5	cyp130
Q88016	pol
P26137	HA
P03437	HA
Q16644	MAPKAPK3
Q01581	HMGCS1
Q00536	CDK16
P10478	xynZ
P01116	KRAS
P0A3R9	ncsA
Q8EBR3	ispF
P29559	nisZ
Q5HEB7	ddl
P31751	AKT2
Q7MUW6	ptpA
Q6P093	AADACL2
Q4L5E3	pheS
Q4L5E4	pheT
Q7B8V4	a
Q15102	PAFAH1B3
Q13557	CAMK2D
Q9P289	STK26
P47205	lpxC
P07737	PFN1
P04587	gag-pol
P9WNH5	hsaD
Q9UHY7	ENOPH1
Q59721	bphK
Q0S9X1	RHA1_ro03865
P24183	fdnG
P0AAJ3	fdnH
P0AEK7	fdnI
Q72EF4	DVU_0624
Q72EF3	nrfA
P07026	sdiA
Q836J0	murI
P0A017	folA
Q15375	EPHA7
Q96NX5	CAMK1G
P49862	KLK7
P9WQ77	lat
P24182	accC
Q969V6	MRTFA
Q8WWL2	SPIRE2
P33905	traR
P55407	traR
P55408	traM
Q8AAK6	BT_0458
Q7BJM5	VIM-2
O75116	ROCK2
Q8NMG3	Cgl2612
P0AFL3	ppiA
Q5SHN3	rpsL
P80376	rpsK
P80377	rpsM
P0DOY6	rpsZ
Q5SJ76	rpsO
Q5SJH3	rpsP
P0DOY7	rpsQ
Q5SLQ0	rpsR
Q5SHP2	rpsS
P80380	rpsT
P80373	rpsD
Q5SHQ5	rpsE
Q5SLP8	rpsF
P17291	rpsG
P0DOY9	rpsH
P80374	rpsI
Q5SIH3	rpsU
P62658	rpsQ
P62661	rpsT
P62662	rpsB
P62663	rpsC
P62669	rpsI
P62660	rpsS
P80371	rpsB
P80372	rpsC
Q9I5F3	azoR1
O06796	Rv1761c
P06731	CEACAM5
Q57254	afaE3
Q9Z9H6	rpoA
Q8RQE7	rpoZ
Q5SKW1	sigA
P0A8V6	fadR
O75521	ECI2
P35243	RCVRN
P09142	luxF
P04324	nef
P63098	PPP3R1
Q08209	PPP3CA
P9WPF1	pks18
Q72497	gag
P43080	GUCA1A
P9WH69	nrdB
Q81R22	dfrA
O15143	ARPC1B
P61160	ACTR2
P61158	ACTR3
O15144	ARPC2
O15145	ARPC3
P59998	ARPC4
O15511	ARPC5
P28793	fadB
P28790	fadA
P48632	fpvA
P0A110	ndoB
P0A112	ndoC
Q5SHR6	rpoA
Q9A1B7	murI
P23083	IGHV1-2
P04211	IGLV7-43
Q53586	hpd
P9WIJ3	def
P25084	lasR
Q9HCP0	CSNK1G1
Q12866	MERTK
Q96GR2	ACSBG1
O75865	TRAPPC6A
Q86SZ2	TRAPPC6B
Q8IUR0	TRAPPC5
Q9Y296	TRAPPC4
Q9Y5R8	TRAPPC1
P43889	glmU
Q5EK40	chxA
Q460N3	PARP15
P40406	nagZ
Q6FEW8	ptsP
Q9KM65	cqsA
P44783	glpG
P11684	SCGB1A1
P14649	MYL6B
P19105	MYL12A
P12883	MYH7
P01768	IGHV3-30
O70038	pbp1b
P00524	V-SRC
P0A8P1	aat
Q8IU85	CAMK1D
O67854	snf
P37957	estA
P04825	pepN
P35568	IRS1
P25786	PSMA1
P25787	PSMA2
P25788	PSMA3
P25789	PSMA4
P28066	PSMA5
P60900	PSMA6
P49721	PSMB2
P49720	PSMB3
P28070	PSMB4
P28072	PSMB6
Q99436	PSMB7
Q8DP79	def
Q53901	actII
P9WNW7	hsaC
Q5LI27	BF9343_0422
P01615	IGKV2D-28
P55196	AFDN
Q02054	SCO5089
Q9NWZ3	IRAK4
Q6GI75	fabI
Q15119	PDK2
Q9UKY3	CES1P1
Q939D2	katG
P29894	mauB
P22619	mauA
P29899	moxG
Q8VUS8	qhnDH
P0A9J8	pheA
P9WIB9	Rv1885c
P84887	aauA
P84888	aauB
P04390	ecoRVR
Q92793	CREBBP
Q9FBC5	fabK
Q3JP94	BURPS1710b_3237
Q9NPJ3	ACOT13
P0AEG4	dsbA
P0A6M2	dsbB
Q72LA5	nrfC
Q72LA4	TT_C0155
Q72LA6	TT_C0153
Q9ZLT0	murI
P80192	MAP3K9
A7J8L3	PP1a
Q672W7	def
Q9HBL8	NMRAL1
P16218	celH
P01106	MYC
O75330	HMMR
P13611	VCAN
Q07021	C1QBP
P10915	HAPLN1
Q96S86	HAPLN3
Q86UW8	HAPLN4
Q14520	HABP2
Q6UX15	LAYN
Q8WWQ8	STAB2
P98066	TNFAIP6
Q9BZV3	IMPG2
Q5JVS0	HABP4
Q08460	Kcnma1
Q9UHC3	ASIC3
Q9NSD5	SLC6A13
P48066	SLC6A11
P48065	SLC6A12
Q9H228	S1PR5
P28908	TNFRSF8
Q18BX5	sigA1
P49763	PGF
P49765	VEGFB
P08697	SERPINF2
P28062	PSMB8
P28065	PSMB9
P40306	PSMB10
P25092	GUCY2C
Q16832	DDR2
P13423	pagA
P9WPS1	atpE
P13866	SLC5A1
Q14145	KEAP1
Q04206	RELA
P57059	SIK1
Q8NG66	NEK11
P53667	LIMK1
Q15303	ERBB4
Q5L478	NS5A
Q16552	IL17A
O43613	HCRTR1
O43614	HCRTR2
Q9HGT2	CDC60
A0A023W3H0	OXA-48
Q9F663	bla
Q9EXV5	blaUOE-1
P37321	per1
P47775	GPR12
Q9Y5S1	TRPV2
Q9HBA0	TRPV4
P34998	CRHR1
P09110	ACAA1
Q92736	RYR2
P31391	SSTR4
P21453	S1PR1
Q99571	P2RX4
P62807	HIST1H2BC
P62807	HIST1H2BE
P62807	HIST1H2BF
P62807	HIST1H2BG
P62807	HIST1H2BI
P10412	HIST1H1E
P63261	ACTG1
P10809	HSPD1
P48723	HSPA13
Q08288	Lyar
P15880	RPS2
Q07955	SRSF1
P22626	HNRNPA2B1
P31943	HNRNPH1
P31942	HNRNPH3
P61987	cbiD
P14866	HNRNPL
P23246	SFPQ
Q15428	SF3A2
P63244	RACK1
P09525	ANXA4
P29401	TKT
P31948	STIP1
Q96RE1	EEF1A1L14
P56537	EIF6
P60842	EIF4A1
P31946	YWHAB
P51858	HDGF
O00299	CLIC1
Q06323	PSME1
P30086	PEBP1
P18669	PGAM1
P43487	RANBP1
O75880	SCO1
F7VJQ1	PRNP
P42858	HTT
Q6MZM0	HEPHL1
Q99497	PARK7
P10997	IAPP
Q9UHF0	TAC3
P43652	AFM
P02655	APOC2
P02656	APOC3
P02748	C9
P45973	CBX5
P01861	IGHG4
P15814	IGLL1
P02750	LRG1
P51884	LUM
P05543	SERPINA7
P36955	SERPINF1
P04080	CSTB
Q9Y5S8	NOX1
P87764	NS5b
P22897	MRC1
P04926	EXP-1
O25926	clpX
P39905	GDNF
Q8NBP7	PCSK9
P28907	CD38
P55073	DIO3
P05186	ALPL
P19971	TYMP
Q07820	MCL1
Q92911	SLC5A5
P34981	TRHR
P13632	dctD
P17050	NAGA
Q93PP9	bfr
P37173	TGFBR2
Q8GR70	eno
P52477	mexA
P0AER0	glpF
P69924	nrdB
Q8KT33	ureB
Q9UEW3	MARCO
Q96PD7	DGAT2
Q99828	CIB1
P30626	SRI
Q99653	CHP1
P09486	SPARC
P35556	FBN2
O14958	CASQ2
Q15493	RGN
Q9UBV8	PEF1
P06703	S100A6
P13693	TPT1
O75838	CIB2
P31415	CASQ1
Q02818	NUCB1
P80303	NUCB2
Q75N90	FBN3
P28676	GCA
Q9ULU8	CADPS
P0DP24	CALM2
P0DP25	CALM3
Q96FQ6	S100A16
P22676	CALB2
Q13938	CAPS
Q86UW7	CADPS2
Q96L12	CALR3
Q9ULB1	NRXN1
P62166	NCS1
Q9HC97	GPR35
Q96RI0	F2RL3
Q25634	GluClX
Q8SPQ9	PTGS2
A3EZI9	NS3
Q9NZQ7	CD274
O75964	ATP5MG
P48047	ATP5PO
P21291	CSRP1
Q16555	DPYSL2
P21333	FLNA
Q9C0B1	FTO
Q14103	HNRNPD
P61978	HNRNPK
Q5SSJ5	HP1BP3
P46940	IQGAP1
P55786	NPEPPS
P27635	RPL10
P50914	RPL14
Q07020	RPL18
P42766	RPL35
P36578	RPL4
P62277	RPS13
P08708	RPS17
P62269	RPS18
P39019	RPS19
P62857	RPS28
P46782	RPS5
P62753	RPS6
P62241	RPS8
P46781	RPS9
Q15637	SF1
P62316	SNRPD2
P37108	SRP14
Q08170	SRSF4
P37802	TAGLN2
P09493	TPM1
P08670	VIM
Q15942	ZYX
P35579	MYH9
P17844	DDX5
P06748	NPM1
Q8I3Z5	TCTP
Q5R2K6	serca
Q6LFH8	OAT
Q00080	MEF-1
P13568	MDR1
Q8IKW5	PF3D7_1451100
Q8IKK7	PF3D7_1462800
C6KT34	PF3D7_0619400
Q8IC05	PF3D7_0708400
Q8IKF0	PF3D7_1468700
C6KTA4	PF3D7_0626800
C0H4Y6	PF3D7_0827900
Q8IDH5	PF3D7_1352500
Q8II73	PF3D7_1129000
Q8I2Z8	PF3D7_0915400
Q8ILF7	PF3D7_1430700
Q8I0V4	PF3D7_1222300
Q8IJN7	ENO
Q8IKH8	PF3D7_1465900
A0A143ZZK9	PF3D7_1211900
Q7K6A4	PF3D7_0922200
Q8IKR1	PF3D7_1456800
Q8I431	PF3D7_0507100
Q8IDQ9	PF3D7_1343000
O97313	MAL3P7.35
Q8IJT2	PF3D7_1011300
Q8IJC6	PF3D7_1027800
C0H571	PF3D7_0929400
T1RTG8	SERA5
C0H5C2	PF3D7_1317800
Q8I6U8	GBP
Q08853	ATP6
Q76NM6	vapA
Q8I3T9	PF3D7_0516900
Q8I0X2	PF3D7_1253400
Q8IM16	PF3D7_1407800
Q7KQM4	PF14_0076
Q9N623	CRT
C0H4V6	PF3D7_0818200
Q8I5G6	PF3D7_1225100
C6S3C7	PF3D7_1016600
Q7KQL5	PF10_0084
Q8IKM5	PF3D7_1460700
Q8IL86	PF3D7_1438100
Q8IJR6	PF3D7_1012900
Q8I492	PF3D7_0500800
C0H4L1	PF3D7_0706000
Q76NN7	PF3D7_0322000
Q8IB72	PF3D7_0823800
P13827	MSP-1
Q8IDD3	PF3D7_1357200
O77323	MAL3P3.6
C0H546	PF3D7_0920100
Q8I4R5	PF3D7_1252100
Q8IBN5	PF3D7_0721600
Q8I487	PF3D7_0501300
P50250	PFE1050w
Q8IJA9	PF3D7_1029600
Q8IJ60	PF3D7_1034900
Q8IEN3	PF3D7_1308200
Q8IDP8	PF3D7_1344800
Q8I4W4	PF3D7_1246800
O77361	PF3D7_0310400
C6KSR5	PF3D7_0606700
Q02155	HK
Q8IBI3	PF3D7_0727400
Q8IJ74	PF3D7_1033400
Q8III5	PF3D7_1118300
Q8IHS5	PF3D7_1144000
Q8IDP1	PF3D7_1345500
Q8I5Y3	PF3D7_1206200
Q8IEM3	PF3D7_1309100
Q8IE82	PF3D7_1323400
Q8IDI5	PF3D7_1351400
Q8IM15	PF3D7_1408100
C0H5H0	PF3D7_1344200
Q8ILV2	PF3D7_1414300
Q8IM74	PF3D7_1401500
Q8I5H4	PF3D7_1224300
Q8ID50	PF3D7_1365900
Q8IL80	PF3D7_1438900
O96221	PF3D7_0214100
A0A144A2G5	PF3D7_1116700
P13830	RESA
Q9TY94	PF3D7_0209800
Q8IBS5	CPK4
Q8IB78	PF3D7_0824400
C0H4X5	MAL8P1.31
C0H551	PF3D7_0922600
Q8IJK8	PF3D7_1019400
Q8IIR9	PF3D7_1108400
Q8IIA4	PF3D7_1126000
Q7KQK0	PF3D7_1223100
Q8IDV0	PF3D7_1338300
Q8IKL4	tlp1
Q8ILK3	PF3D7_1426000
Q8ILE8	PF3D7_1431700
Q8IKM6	PF3D7_1460600
Q8IL88	PF3D7_1437900
C6KT50	pdx1
Q13873	BMPR2
P36894	BMPR1A
O15440	ABCC5
Q4VB53	IL13
Q9HB55	CYP3A43
P24462	CYP3A7
P05181	CYP2E1
P22309	UGT1A1
P62344	CPK1
Q9UK32	RPS6KA6
Q8NI60	COQ8A
Q8IY84	NIM1K
Q9Y6E0	STK24
Q13188	STK3
P42680	TEC
Q9BYT3	STK33
Q8TDR2	STK35
Q9NRP7	STK36
Q15208	STK38
Q9Y2H1	STK38L
Q9UEW8	STK39
Q7L7X3	TAOK1
Q9H2K8	TAOK3
Q9UHD2	TBK1
Q15569	TESK1
P35590	TIE1
Q9UKI8	TLK1
Q86UE8	TLK2
Q9UKE5	TNIK
Q13470	TNK1
Q59H18	TNNI3K
Q9BXA7	TSSK1B
P42681	TXK
Q06418	TYRO3
O75385	ULK1
Q8IYT8	ULK2
Q6PHR2	ULK3
Q56UN5	MAP3K19
Q2M2I8	AAK1
Q96D53	COQ8B
Q8NFD2	ANKK1
P30530	AXL
P51451	BLK
Q9NSY1	BMP2K
O00238	BMPR1B
P51813	BMX
Q14012	CAMK1
Q8N5S9	CAMKK1
Q96RR4	CAMKK2
P07498	CSN3
Q6DT37	CDC42BPG
Q00532	CDKL1
Q92772	CDKL2
O14578	CIT
P49760	CLK2
Q9HAZ1	CLK4
P48729	CSNK1A1
Q9UIK4	DAPK2
O15075	DCLK1
Q8N568	DCLK2
Q9C098	DCLK3
Q9Y463	DYRK1B
Q9BQI3	EIF2AK1
P19525	EIF2AK2
Q9P2K8	EIF2AK4
P21709	EPHA1
P29320	EPHA3
P54764	EPHA4
Q9UF33	EPHA6
P29322	EPHA8
P54762	EPHB1
O15197	EPHB6
P16591	FER
P07332	FES
O14976	GAK
P49840	GSK3A
Q9H2X6	HIPK2
Q9H422	HIPK3
Q9UPZ9	ICK
Q14164	IKBKE
P14616	INSRR
P51617	IRAK1
Q9Y616	IRAK3
Q9Y2K2	SIK3
O95835	LATS1
P53671	LIMK2
Q5S007	LRRK2
P29376	LTK
P46734	MAP2K3
Q13163	MAP2K5
P52564	MAP2K6
Q02779	MAP3K10
Q16584	MAP3K11
Q12852	MAP3K12
O43283	MAP3K13
Q6ZN16	MAP3K15
Q99759	MAP3K3
Q9Y6R4	MAP3K4
O95382	MAP3K6
Q92918	MAP4K1
Q12851	MAP4K2
Q8IVH8	MAP4K3
O95819	MAP4K4
Q9Y4K4	MAP4K5
Q8TD08	MAPK15
P31152	MAPK4
Q13164	MAPK7
Q8IW41	MAPKAPK5
Q9P0L2	MARK1
Q7KZI7	MARK2
P27448	MARK3
Q96L34	MARK4
Q7Z460	CLASP1
Q9Y2H9	MAST1
P42679	MATK
Q14680	MELK
Q8N4C8	MINK1
Q9BUB5	MKNK1
Q9HBH9	MKNK2
Q04912	MST1R
O15146	MUSK
Q15746	MYLK
Q32MK0	MYLK3
Q86YV6	MYLK4
Q8NEV4	MYO3A
Q96PY6	NEK1
P51956	NEK3
P51957	NEK4
Q6P3R8	NEK5
Q8TD19	NEK9
Q16288	NTRK3
O60285	NUAK1
Q9H093	NUAK2
O95747	OXSR1
Q13153	PAK1
Q13177	PAK2
O75914	PAK3
O96013	PAK4
Q9NQU5	PAK6
Q9P286	PAK5
Q00537	CDK17
Q16816	PHKG1
Q9UBF8	PI4KB
O00750	PIK3C2B
O75747	PIK3C2G
Q86V86	PIM3
P78356	PIP4K2B
Q8TBX8	PIP4K2C
Q99640	PKMYT1
Q16512	PKN1
Q16513	PKN2
Q9NYY3	PLK2
Q9H4B4	PLK3
O00444	PLK4
Q15139	PRKD1
Q13237	PRKG2
Q13523	PRPF4B
Q9BRS2	RIOK1
Q9BVS4	RIOK2
O14730	RIOK3
Q13546	RIPK1
O43353	RIPK2
P57078	RIPK4
P08922	ROS1
Q52WX2	SBK1
P0C264	SBK3
Q96BR1	SGK3
Q9H0K1	SIK2
Q9NRH2	SNRK
Q9H3Y6	SRMS
O94804	STK10
O75716	STK16
Q9UEE5	STK17A
Q8WU08	STK32A
Q01344	IL5RA
F5HC79	TRM1
F5HGI9	TRM2
F5HCU8	TRM3
Q07011	TNFRSF9
Q8IWU9	TPH2
Q93LQ9	KPC-2
A8DZJ2	blaSHV
Q9X757	MIR-1
Q53IN1	fox-7
P27037	ACVR2A
Q92847	GHSR
P10092	CALCB
Q9P2E9	RRBP1
Q9Y221	NIP7
Q92843	BCL2L2
Q92934	BAD
P01350	GAST
L0LZJ6	rpsK
Q14790	CASP8
P62736	ACTA2
P56385	ATP5ME
O43169	CYB5B
Q9NR28	DIABLO
Q8TF61	FBXO41
P52597	HNRNPF
P34932	HSPA4
P61604	HSPE1
Q92598	HSPH1
Q9Y266	NUDC
Q13219	PAPPA
P17980	PSMC3
P60903	S100A10
Q12874	SF3A3
Q969G3	SMARCE1
O43399	TPD52L2
P06753	TPM3
P67936	TPM4
P10599	TXN
P09936	UCHL1
P54578	USP14
Q04917	YWHAH
P27348	YWHAQ
P63104	YWHAZ
P01563	IFNA2
Q13421	MSLN
Q14872	MTF1
P0DM35	MT1HL1
P07438	MT1B
P04732	MT1E
P04733	MT1F
P13640	MT1G
P80294	MT1H
Q93083	MT1L
Q8N339	MT1M
P80297	MT1X
P47944	MT4
A1L3X4	MT1DP
Q9Y4I5	TESMIN
P18177	toxB
Q9UM01	SLC7A7
B4DP61	SMN1
P49228	rpmF
P60723	rplD
Q91CQ6	DNApol
Q9HC29	NOD2
Q00496	botE
Q60393	botG
P30996	botF
P19321	botD
Q12908	SLC10A2
Q16518	RPE65
Q7Z4T2	FGF23
P20393	NR1D1
Q14995	NR1D2
O75533	SF3B1
F5GY58	DAGLA
O13332	AUR1
